,const,stations,cost,station1,station2,betweenness_x,degree_x,eigenvector_x,betweenness_y,degree_y,eigenvector_y
0,1.0,"('10', '14')",4408923.566054752,10,14,0.23997741389045735,0.43478260869565216,0.38454071635190656,0.08666478449087145,0.2608695652173913,0.20953217652623488
1,1.0,"('11', '20')",5430982.540675295,11,20,0.2263786937699981,0.34782608695652173,0.2395383743622112,0.1131752305665349,0.34782608695652173,0.2556517808411342
2,1.0,"('15', '14')",4226630.801955362,15,14,0.12247631595457684,0.34782608695652173,0.3171206350318802,0.08666478449087145,0.2608695652173913,0.20953217652623488
3,1.0,"('1', '20')",3491129.7721523996,1,20,0.03524374176548089,0.17391304347826086,0.03458625764818794,0.1131752305665349,0.34782608695652173,0.2556517808411342
4,1.0,"('13', '23')",3694889.524193838,13,23,0.060276679841897225,0.17391304347826086,0.06691992394555502,0.0424775707384403,0.2608695652173913,0.17221773509232147
5,1.0,"('3', '24')",3309461.2410569754,3,24,0.09528514963297569,0.2608695652173913,0.07870089315411744,0.07042160737812911,0.2608695652173913,0.1220638225043423
6,1.0,"('7', '10')",3043303.817550661,7,10,0.030665349143610014,0.17391304347826086,0.11721217872477815,0.23997741389045735,0.43478260869565216,0.38454071635190656
7,1.0,"('6', '23')",2976086.5050702104,6,23,0.09766610201392809,0.2608695652173913,0.11015036778069584,0.0424775707384403,0.2608695652173913,0.17221773509232147
8,1.0,"('6', '8')",3299324.219879832,6,8,0.09766610201392809,0.2608695652173913,0.11015036778069584,0.13855323420540813,0.34782608695652173,0.21295500799725153
9,1.0,"('8', '21')",4453909.427785676,8,21,0.13855323420540813,0.34782608695652173,0.21295500799725153,0.06343873517786561,0.2608695652173913,0.18547546735595516
10,1.0,"('16', '24')",4296336.895293153,16,24,0.12462983876027355,0.34782608695652173,0.3046800656627788,0.07042160737812911,0.2608695652173913,0.1220638225043423
11,1.0,"('7', '14')",4429577.220599611,7,14,0.030665349143610014,0.17391304347826086,0.11721217872477815,0.08666478449087145,0.2608695652173913,0.20953217652623488
12,1.0,"('18', '15')",4567286.716623112,18,15,0.09795627078235773,0.2608695652173913,0.19477575076862153,0.12247631595457684,0.34782608695652173,0.3171206350318802
13,1.0,"('12', '21')",3345061.7280279845,12,21,0.13179936006022963,0.2608695652173913,0.1107234821379752,0.06343873517786561,0.2608695652173913,0.18547546735595516
14,1.0,"('8', '16')",3483957.9738297313,8,16,0.13855323420540813,0.34782608695652173,0.21295500799725153,0.12462983876027355,0.34782608695652173,0.3046800656627788
15,1.0,"('9', '15')",3468267.905399978,9,15,0.07587834870443566,0.2608695652173913,0.2087343385919973,0.12247631595457684,0.34782608695652173,0.3171206350318802
16,1.0,"('17', '14')",3268162.3271811204,17,14,0.03197346132128741,0.2608695652173913,0.2675803160895164,0.08666478449087145,0.2608695652173913,0.20953217652623488
17,1.0,"('22', '20')",2870098.3637381876,22,20,0.0718881360185708,0.34782608695652173,0.2674821364787066,0.1131752305665349,0.34782608695652173,0.2556517808411342
18,1.0,"('3', '15')",3910239.0983135174,3,15,0.09528514963297569,0.2608695652173913,0.07870089315411744,0.12247631595457684,0.34782608695652173,0.3171206350318802
19,1.0,"('3', '19')",3795787.7989868904,3,19,0.09528514963297569,0.2608695652173913,0.07870089315411744,0.03406424493381014,0.2608695652173913,0.24157828164948372
20,1.0,"('6', '17')",3773869.1704017697,6,17,0.09766610201392809,0.2608695652173913,0.11015036778069584,0.03197346132128741,0.2608695652173913,0.2675803160895164
21,1.0,"('4', '7')",3438463.6249902835,4,7,0.10083756822887256,0.2608695652173913,0.1284552783451155,0.030665349143610014,0.17391304347826086,0.11721217872477815
22,1.0,"('1', '11')",3309549.793935603,1,11,0.03524374176548089,0.17391304347826086,0.03458625764818794,0.2263786937699981,0.34782608695652173,0.2395383743622112
23,1.0,"('2', '23')",3242952.1601144066,2,23,0.03679653679653679,0.17391304347826086,0.04160853546813513,0.0424775707384403,0.2608695652173913,0.17221773509232147
24,1.0,"('2', '8')",3115572.803674247,2,8,0.03679653679653679,0.17391304347826086,0.04160853546813513,0.13855323420540813,0.34782608695652173,0.21295500799725153
25,1.0,"('3', '6')",3085131.025511563,3,6,0.09528514963297569,0.2608695652173913,0.07870089315411744,0.09766610201392809,0.2608695652173913,0.11015036778069584
26,1.0,"('16', '15')",3116941.756714416,16,15,0.12462983876027355,0.34782608695652173,0.3046800656627788,0.12247631595457684,0.34782608695652173,0.3171206350318802
27,1.0,"('12', '5')",4779337.467706384,12,5,0.13179936006022963,0.2608695652173913,0.1107234821379752,0.06515151515151515,0.2608695652173913,0.12859959055851536
28,1.0,"('12', '22')",3626748.606835255,12,22,0.13179936006022963,0.2608695652173913,0.1107234821379752,0.0718881360185708,0.34782608695652173,0.2674821364787066
29,1.0,"('16', '19')",3582228.38346411,16,19,0.12462983876027355,0.34782608695652173,0.3046800656627788,0.03406424493381014,0.2608695652173913,0.24157828164948372
30,1.0,"('4', '9')",3631151.506751757,4,9,0.10083756822887256,0.2608695652173913,0.1284552783451155,0.07587834870443566,0.2608695652173913,0.2087343385919973
31,1.0,"('11', '18')",3131293.559740124,11,18,0.2263786937699981,0.34782608695652173,0.2395383743622112,0.09795627078235773,0.2608695652173913,0.19477575076862153
32,1.0,"('5', '24')",3045885.1176990923,5,24,0.06515151515151515,0.2608695652173913,0.12859959055851536,0.07042160737812911,0.2608695652173913,0.1220638225043423
33,1.0,"('6', '19')",3080186.164163674,6,19,0.09766610201392809,0.2608695652173913,0.11015036778069584,0.03406424493381014,0.2608695652173913,0.24157828164948372
34,1.0,"('14', '24')",2896455.830637806,14,24,0.08666478449087145,0.2608695652173913,0.20953217652623488,0.07042160737812911,0.2608695652173913,0.1220638225043423
35,1.0,"('6', '10')",2924136.781326952,6,10,0.09766610201392809,0.2608695652173913,0.11015036778069584,0.23997741389045735,0.43478260869565216,0.38454071635190656
36,1.0,"('15', '20')",9566591.281065617,15,20,0.12247631595457684,0.34782608695652173,0.3171206350318802,0.1131752305665349,0.34782608695652173,0.2556517808411342
37,1.0,"('1', '18')",3545307.5019303844,1,18,0.03524374176548089,0.17391304347826086,0.03458625764818794,0.09795627078235773,0.2608695652173913,0.19477575076862153
38,1.0,"('4', '13')",3550600.88812318,4,13,0.10083756822887256,0.2608695652173913,0.1284552783451155,0.060276679841897225,0.17391304347826086,0.06691992394555502
39,1.0,"('4', '20')",3220100.901267581,4,20,0.10083756822887256,0.2608695652173913,0.1284552783451155,0.1131752305665349,0.34782608695652173,0.2556517808411342
40,1.0,"('13', '20')",3352496.7043427983,13,20,0.060276679841897225,0.17391304347826086,0.06691992394555502,0.1131752305665349,0.34782608695652173,0.2556517808411342
41,1.0,"('10', '24')",3092088.685581419,10,24,0.23997741389045735,0.43478260869565216,0.38454071635190656,0.07042160737812911,0.2608695652173913,0.1220638225043423
42,1.0,"('2', '17')",3119282.5533906557,2,17,0.03679653679653679,0.17391304347826086,0.04160853546813513,0.03197346132128741,0.2608695652173913,0.2675803160895164
43,1.0,"('6', '14')",2994673.6685370295,6,14,0.09766610201392809,0.2608695652173913,0.11015036778069584,0.08666478449087145,0.2608695652173913,0.20953217652623488
44,1.0,"('9', '7')",2691677.9811540716,9,7,0.07587834870443566,0.2608695652173913,0.2087343385919973,0.030665349143610014,0.17391304347826086,0.11721217872477815
45,1.0,"('2', '3')",4385215.777557927,2,3,0.03679653679653679,0.17391304347826086,0.04160853546813513,0.09528514963297569,0.2608695652173913,0.07870089315411744
46,1.0,"('15', '24')",4458109.106041655,15,24,0.12247631595457684,0.34782608695652173,0.3171206350318802,0.07042160737812911,0.2608695652173913,0.1220638225043423
47,1.0,"('5', '15')",3919256.1020447277,5,15,0.06515151515151515,0.2608695652173913,0.12859959055851536,0.12247631595457684,0.34782608695652173,0.3171206350318802
48,1.0,"('11', '7')",3396595.204302209,11,7,0.2263786937699981,0.34782608695652173,0.2395383743622112,0.030665349143610014,0.17391304347826086,0.11721217872477815
49,1.0,"('14', '19')",3224093.107171505,14,19,0.08666478449087145,0.2608695652173913,0.20953217652623488,0.03406424493381014,0.2608695652173913,0.24157828164948372
50,1.0,"('12', '23')",3088188.9209684194,12,23,0.13179936006022963,0.2608695652173913,0.1107234821379752,0.0424775707384403,0.2608695652173913,0.17221773509232147
51,1.0,"('12', '8')",2936207.1074299533,12,8,0.13179936006022963,0.2608695652173913,0.1107234821379752,0.13855323420540813,0.34782608695652173,0.21295500799725153
52,1.0,"('5', '19')",3064243.0904655885,5,19,0.06515151515151515,0.2608695652173913,0.12859959055851536,0.03406424493381014,0.2608695652173913,0.24157828164948372
53,1.0,"('7', '24')",2868768.862130465,7,24,0.030665349143610014,0.17391304347826086,0.11721217872477815,0.07042160737812911,0.2608695652173913,0.1220638225043423
54,1.0,"('2', '10')",4820944.536451197,2,10,0.03679653679653679,0.17391304347826086,0.04160853546813513,0.23997741389045735,0.43478260869565216,0.38454071635190656
55,1.0,"('1', '7')",3763509.845134281,1,7,0.03524374176548089,0.17391304347826086,0.03458625764818794,0.030665349143610014,0.17391304347826086,0.11721217872477815
56,1.0,"('3', '9')",3807714.499499242,3,9,0.09528514963297569,0.2608695652173913,0.07870089315411744,0.07587834870443566,0.2608695652173913,0.2087343385919973
57,1.0,"('18', '13')",3387469.956829033,18,13,0.09795627078235773,0.2608695652173913,0.19477575076862153,0.060276679841897225,0.17391304347826086,0.06691992394555502
58,1.0,"('9', '21')",3216397.5063083037,9,21,0.07587834870443566,0.2608695652173913,0.2087343385919973,0.06343873517786561,0.2608695652173913,0.18547546735595516
59,1.0,"('9', '13')",3396955.7814262677,9,13,0.07587834870443566,0.2608695652173913,0.2087343385919973,0.060276679841897225,0.17391304347826086,0.06691992394555502
60,1.0,"('18', '21')",2974606.7700124816,18,21,0.09795627078235773,0.2608695652173913,0.19477575076862153,0.06343873517786561,0.2608695652173913,0.18547546735595516
61,1.0,"('10', '15')",2771931.8761395784,10,15,0.23997741389045735,0.43478260869565216,0.38454071635190656,0.12247631595457684,0.34782608695652173,0.3171206350318802
62,1.0,"('10', '19')",2883644.196357687,10,19,0.23997741389045735,0.43478260869565216,0.38454071635190656,0.03406424493381014,0.2608695652173913,0.24157828164948372
63,1.0,"('17', '24')",4191280.1243446427,17,24,0.03197346132128741,0.2608695652173913,0.2675803160895164,0.07042160737812911,0.2608695652173913,0.1220638225043423
64,1.0,"('2', '14')",4222901.664895474,2,14,0.03679653679653679,0.17391304347826086,0.04160853546813513,0.08666478449087145,0.2608695652173913,0.20953217652623488
65,1.0,"('8', '23')",3718974.859417634,8,23,0.13855323420540813,0.34782608695652173,0.21295500799725153,0.0424775707384403,0.2608695652173913,0.17221773509232147
66,1.0,"('3', '20')",3718097.155053686,3,20,0.09528514963297569,0.2608695652173913,0.07870089315411744,0.1131752305665349,0.34782608695652173,0.2556517808411342
67,1.0,"('6', '12')",3223860.451460251,6,12,0.09766610201392809,0.2608695652173913,0.11015036778069584,0.13179936006022963,0.2608695652173913,0.1107234821379752
68,1.0,"('11', '13')",3147894.4843974197,11,13,0.2263786937699981,0.34782608695652173,0.2395383743622112,0.060276679841897225,0.17391304347826086,0.06691992394555502
69,1.0,"('11', '21')",2971272.2340443595,11,21,0.2263786937699981,0.34782608695652173,0.2395383743622112,0.06343873517786561,0.2608695652173913,0.18547546735595516
70,1.0,"('16', '13')",2968044.7717357418,16,13,0.12462983876027355,0.34782608695652173,0.3046800656627788,0.060276679841897225,0.17391304347826086,0.06691992394555502
71,1.0,"('23', '19')",2880340.665697605,23,19,0.0424775707384403,0.2608695652173913,0.17221773509232147,0.03406424493381014,0.2608695652173913,0.24157828164948372
72,1.0,"('4', '5')",4527807.560609336,4,5,0.10083756822887256,0.2608695652173913,0.1284552783451155,0.06515151515151515,0.2608695652173913,0.12859959055851536
73,1.0,"('4', '22')",4674281.223655026,4,22,0.10083756822887256,0.2608695652173913,0.1284552783451155,0.0718881360185708,0.34782608695652173,0.2674821364787066
74,1.0,"('12', '17')",3709077.1272083144,12,17,0.13179936006022963,0.2608695652173913,0.1107234821379752,0.03197346132128741,0.2608695652173913,0.2675803160895164
75,1.0,"('7', '15')",3498020.779427702,7,15,0.030665349143610014,0.17391304347826086,0.11721217872477815,0.12247631595457684,0.34782608695652173,0.3171206350318802
76,1.0,"('16', '20')",3232448.4884005683,16,20,0.12462983876027355,0.34782608695652173,0.3046800656627788,0.1131752305665349,0.34782608695652173,0.2556517808411342
77,1.0,"('1', '21')",3261417.8487817817,1,21,0.03524374176548089,0.17391304347826086,0.03458625764818794,0.06343873517786561,0.2608695652173913,0.18547546735595516
78,1.0,"('1', '13')",3447569.575243344,1,13,0.03524374176548089,0.17391304347826086,0.03458625764818794,0.060276679841897225,0.17391304347826086,0.06691992394555502
79,1.0,"('4', '15')",3086173.0157344346,4,15,0.10083756822887256,0.2608695652173913,0.1284552783451155,0.12247631595457684,0.34782608695652173,0.3171206350318802
80,1.0,"('12', '16')",3059220.642532701,12,16,0.13179936006022963,0.2608695652173913,0.1107234821379752,0.12462983876027355,0.34782608695652173,0.3046800656627788
81,1.0,"('7', '19')",9157548.142036078,7,19,0.030665349143610014,0.17391304347826086,0.11721217872477815,0.03406424493381014,0.2608695652173913,0.24157828164948372
82,1.0,"('4', '18')",3548785.4165124125,4,18,0.10083756822887256,0.2608695652173913,0.1284552783451155,0.09795627078235773,0.2608695652173913,0.19477575076862153
83,1.0,"('17', '19')",3646942.0252066087,17,19,0.03197346132128741,0.2608695652173913,0.2675803160895164,0.03406424493381014,0.2608695652173913,0.24157828164948372
84,1.0,"('8', '17')",3601909.994014872,8,17,0.13855323420540813,0.34782608695652173,0.21295500799725153,0.03197346132128741,0.2608695652173913,0.2675803160895164
85,1.0,"('12', '10')",3492660.3375594434,12,10,0.13179936006022963,0.2608695652173913,0.1107234821379752,0.23997741389045735,0.43478260869565216,0.38454071635190656
86,1.0,"('24', '20')",3174962.518035162,24,20,0.07042160737812911,0.2608695652173913,0.1220638225043423,0.1131752305665349,0.34782608695652173,0.2556517808411342
87,1.0,"('13', '24')",3498507.8731372682,13,24,0.060276679841897225,0.17391304347826086,0.06691992394555502,0.07042160737812911,0.2608695652173913,0.1220638225043423
88,1.0,"('3', '11')",3580703.762953344,3,11,0.09528514963297569,0.2608695652173913,0.07870089315411744,0.2263786937699981,0.34782608695652173,0.2395383743622112
89,1.0,"('2', '12')",3374607.6357958117,2,12,0.03679653679653679,0.17391304347826086,0.04160853546813513,0.13179936006022963,0.2608695652173913,0.1107234821379752
90,1.0,"('6', '24')",4584785.278821509,6,24,0.09766610201392809,0.2608695652173913,0.11015036778069584,0.07042160737812911,0.2608695652173913,0.1220638225043423
91,1.0,"('5', '9')",4000824.374313976,5,9,0.06515151515151515,0.2608695652173913,0.12859959055851536,0.07587834870443566,0.2608695652173913,0.2087343385919973
92,1.0,"('18', '22')",5230799.0651196595,18,22,0.09795627078235773,0.2608695652173913,0.19477575076862153,0.0718881360185708,0.34782608695652173,0.2674821364787066
93,1.0,"('22', '21')",4271287.048573037,22,21,0.0718881360185708,0.34782608695652173,0.2674821364787066,0.06343873517786561,0.2608695652173913,0.18547546735595516
94,1.0,"('12', '14')",5012695.301549417,12,14,0.13179936006022963,0.2608695652173913,0.1107234821379752,0.08666478449087145,0.2608695652173913,0.20953217652623488
95,1.0,"('9', '22')",3285629.3244339437,9,22,0.07587834870443566,0.2608695652173913,0.2087343385919973,0.0718881360185708,0.34782608695652173,0.2674821364787066
96,1.0,"('1', '4')",3432022.673172933,1,4,0.03524374176548089,0.17391304347826086,0.03458625764818794,0.10083756822887256,0.2608695652173913,0.1284552783451155
97,1.0,"('5', '13')",3961864.325003264,5,13,0.06515151515151515,0.2608695652173913,0.12859959055851536,0.060276679841897225,0.17391304347826086,0.06691992394555502
98,1.0,"('14', '20')",3803169.2897629947,14,20,0.08666478449087145,0.2608695652173913,0.20953217652623488,0.1131752305665349,0.34782608695652173,0.2556517808411342
99,1.0,"('5', '20')",4307790.806410347,5,20,0.06515151515151515,0.2608695652173913,0.12859959055851536,0.1131752305665349,0.34782608695652173,0.2556517808411342
100,1.0,"('9', '18')",5255692.486915653,9,18,0.07587834870443566,0.2608695652173913,0.2087343385919973,0.09795627078235773,0.2608695652173913,0.19477575076862153
101,1.0,"('8', '10')",3541095.672368719,8,10,0.13855323420540813,0.34782608695652173,0.21295500799725153,0.23997741389045735,0.43478260869565216,0.38454071635190656
102,1.0,"('19', '20')",4131394.5912419874,19,20,0.03406424493381014,0.2608695652173913,0.24157828164948372,0.1131752305665349,0.34782608695652173,0.2556517808411342
103,1.0,"('6', '11')",3532665.7675788193,6,11,0.09766610201392809,0.2608695652173913,0.11015036778069584,0.2263786937699981,0.34782608695652173,0.2395383743622112
104,1.0,"('11', '22')",3492816.4862808753,11,22,0.2263786937699981,0.34782608695652173,0.2395383743622112,0.0718881360185708,0.34782608695652173,0.2674821364787066
105,1.0,"('16', '22')",3338334.8006995367,16,22,0.12462983876027355,0.34782608695652173,0.3046800656627788,0.0718881360185708,0.34782608695652173,0.2674821364787066
106,1.0,"('3', '18')",3140601.241942318,3,18,0.09528514963297569,0.2608695652173913,0.07870089315411744,0.09795627078235773,0.2608695652173913,0.19477575076862153
107,1.0,"('10', '13')",2582307.903776356,10,13,0.23997741389045735,0.43478260869565216,0.38454071635190656,0.060276679841897225,0.17391304347826086,0.06691992394555502
108,1.0,"('8', '14')",4848867.125840031,8,14,0.13855323420540813,0.34782608695652173,0.21295500799725153,0.08666478449087145,0.2608695652173913,0.20953217652623488
109,1.0,"('10', '20')",4601013.36696831,10,20,0.23997741389045735,0.43478260869565216,0.38454071635190656,0.1131752305665349,0.34782608695652173,0.2556517808411342
110,1.0,"('6', '15')",4397632.211735753,6,15,0.09766610201392809,0.2608695652173913,0.11015036778069584,0.12247631595457684,0.34782608695652173,0.3171206350318802
111,1.0,"('13', '19')",3941154.166732214,13,19,0.060276679841897225,0.17391304347826086,0.06691992394555502,0.03406424493381014,0.2608695652173913,0.24157828164948372
112,1.0,"('1', '5')",3544813.416672693,1,5,0.03524374176548089,0.17391304347826086,0.03458625764818794,0.06515151515151515,0.2608695652173913,0.12859959055851536
113,1.0,"('1', '22')",3200953.3399373344,1,22,0.03524374176548089,0.17391304347826086,0.03458625764818794,0.0718881360185708,0.34782608695652173,0.2674821364787066
114,1.0,"('2', '24')",3054838.9980132086,2,24,0.03679653679653679,0.17391304347826086,0.04160853546813513,0.07042160737812911,0.2608695652173913,0.1220638225043423
115,1.0,"('15', '13')",3031318.988942827,15,13,0.12247631595457684,0.34782608695652173,0.3171206350318802,0.060276679841897225,0.17391304347826086,0.06691992394555502
116,1.0,"('4', '21')",3044807.252244401,4,21,0.10083756822887256,0.2608695652173913,0.1284552783451155,0.06343873517786561,0.2608695652173913,0.18547546735595516
117,1.0,"('23', '20')",4287342.6061043395,23,20,0.0424775707384403,0.2608695652173913,0.17221773509232147,0.1131752305665349,0.34782608695652173,0.2556517808411342
118,1.0,"('18', '23')",3988315.374461107,18,23,0.09795627078235773,0.2608695652173913,0.19477575076862153,0.0424775707384403,0.2608695652173913,0.17221773509232147
119,1.0,"('24', '22')",4007468.3482913873,24,22,0.07042160737812911,0.2608695652173913,0.1220638225043423,0.0718881360185708,0.34782608695652173,0.2674821364787066
120,1.0,"('7', '13')",4034495.5192153486,7,13,0.030665349143610014,0.17391304347826086,0.11721217872477815,0.060276679841897225,0.17391304347826086,0.06691992394555502
121,1.0,"('5', '11')",3726693.562047623,5,11,0.06515151515151515,0.2608695652173913,0.12859959055851536,0.2263786937699981,0.34782608695652173,0.2395383743622112
122,1.0,"('9', '8')",3937988.4601705465,9,8,0.07587834870443566,0.2608695652173913,0.2087343385919973,0.13855323420540813,0.34782608695652173,0.21295500799725153
123,1.0,"('4', '16')",3324953.9146860032,4,16,0.10083756822887256,0.2608695652173913,0.1284552783451155,0.12462983876027355,0.34782608695652173,0.3046800656627788
124,1.0,"('2', '11')",3503333.009451811,2,11,0.03679653679653679,0.17391304347826086,0.04160853546813513,0.2263786937699981,0.34782608695652173,0.2395383743622112
125,1.0,"('9', '23')",2995359.4386024885,9,23,0.07587834870443566,0.2608695652173913,0.2087343385919973,0.0424775707384403,0.2608695652173913,0.17221773509232147
126,1.0,"('3', '7')",5943853.636010801,3,7,0.09528514963297569,0.2608695652173913,0.07870089315411744,0.030665349143610014,0.17391304347826086,0.11721217872477815
127,1.0,"('7', '20')",4259764.379793951,7,20,0.030665349143610014,0.17391304347826086,0.11721217872477815,0.1131752305665349,0.34782608695652173,0.2556517808411342
128,1.0,"('17', '13')",4202372.532459251,17,13,0.03197346132128741,0.2608695652173913,0.2675803160895164,0.060276679841897225,0.17391304347826086,0.06691992394555502
129,1.0,"('17', '20')",3432482.296423408,17,20,0.03197346132128741,0.2608695652173913,0.2675803160895164,0.1131752305665349,0.34782608695652173,0.2556517808411342
130,1.0,"('2', '15')",3871356.478882711,2,15,0.03679653679653679,0.17391304347826086,0.04160853546813513,0.12247631595457684,0.34782608695652173,0.3171206350318802
131,1.0,"('11', '23')",3199533.214628448,11,23,0.2263786937699981,0.34782608695652173,0.2395383743622112,0.0424775707384403,0.2608695652173913,0.17221773509232147
132,1.0,"('2', '19')",3103903.831238994,2,19,0.03679653679653679,0.17391304347826086,0.04160853546813513,0.03406424493381014,0.2608695652173913,0.24157828164948372
133,1.0,"('11', '8')",2979668.878719293,11,8,0.2263786937699981,0.34782608695652173,0.2395383743622112,0.13855323420540813,0.34782608695652173,0.21295500799725153
134,1.0,"('2', '6')",2900877.5548772984,2,6,0.03679653679653679,0.17391304347826086,0.04160853546813513,0.09766610201392809,0.2608695652173913,0.11015036778069584
135,1.0,"('1', '23')",4211186.747670744,1,23,0.03524374176548089,0.17391304347826086,0.03458625764818794,0.0424775707384403,0.2608695652173913,0.17221773509232147
136,1.0,"('6', '7')",4582636.453638385,6,7,0.09766610201392809,0.2608695652173913,0.11015036778069584,0.030665349143610014,0.17391304347826086,0.11721217872477815
137,1.0,"('1', '8')",3612527.0236940705,1,8,0.03524374176548089,0.17391304347826086,0.03458625764818794,0.13855323420540813,0.34782608695652173,0.21295500799725153
138,1.0,"('5', '18')",3718560.5581244687,5,18,0.06515151515151515,0.2608695652173913,0.12859959055851536,0.09795627078235773,0.2608695652173913,0.19477575076862153
139,1.0,"('10', '22')",3113283.423792265,10,22,0.23997741389045735,0.43478260869565216,0.38454071635190656,0.0718881360185708,0.34782608695652173,0.2674821364787066
140,1.0,"('3', '21')",3068494.1207582303,3,21,0.09528514963297569,0.2608695652173913,0.07870089315411744,0.06343873517786561,0.2608695652173913,0.18547546735595516
141,1.0,"('3', '13')",2972489.051051875,3,13,0.09528514963297569,0.2608695652173913,0.07870089315411744,0.060276679841897225,0.17391304347826086,0.06691992394555502
142,1.0,"('12', '24')",2939755.573295444,12,24,0.13179936006022963,0.2608695652173913,0.1107234821379752,0.07042160737812911,0.2608695652173913,0.1220638225043423
143,1.0,"('18', '16')",3003930.240947904,18,16,0.09795627078235773,0.2608695652173913,0.19477575076862153,0.12462983876027355,0.34782608695652173,0.3046800656627788
144,1.0,"('1', '2')",4494769.429401671,1,2,0.03524374176548089,0.17391304347826086,0.03458625764818794,0.03679653679653679,0.17391304347826086,0.04160853546813513
145,1.0,"('9', '16')",5101567.441961311,9,16,0.07587834870443566,0.2608695652173913,0.2087343385919973,0.12462983876027355,0.34782608695652173,0.3046800656627788
146,1.0,"('15', '22')",3906754.237798403,15,22,0.12247631595457684,0.34782608695652173,0.3171206350318802,0.0718881360185708,0.34782608695652173,0.2674821364787066
147,1.0,"('16', '21')",4278247.271449637,16,21,0.12462983876027355,0.34782608695652173,0.3046800656627788,0.06343873517786561,0.2608695652173913,0.18547546735595516
148,1.0,"('6', '9')",4670853.419247906,6,9,0.09766610201392809,0.2608695652173913,0.11015036778069584,0.07587834870443566,0.2608695652173913,0.2087343385919973
149,1.0,"('11', '17')",4041921.398141111,11,17,0.2263786937699981,0.34782608695652173,0.2395383743622112,0.03197346132128741,0.2608695652173913,0.2675803160895164
150,1.0,"('11', '16')",3931147.418715605,11,16,0.2263786937699981,0.34782608695652173,0.2395383743622112,0.12462983876027355,0.34782608695652173,0.3046800656627788
151,1.0,"('8', '24')",3618788.6676976145,8,24,0.13855323420540813,0.34782608695652173,0.21295500799725153,0.07042160737812911,0.2608695652173913,0.1220638225043423
152,1.0,"('6', '13')",3361617.750864323,6,13,0.09766610201392809,0.2608695652173913,0.11015036778069584,0.060276679841897225,0.17391304347826086,0.06691992394555502
153,1.0,"('9', '10')",4661181.303029895,9,10,0.07587834870443566,0.2608695652173913,0.2087343385919973,0.23997741389045735,0.43478260869565216,0.38454071635190656
154,1.0,"('1', '17')",3976043.4201943907,1,17,0.03524374176548089,0.17391304347826086,0.03458625764818794,0.03197346132128741,0.2608695652173913,0.2675803160895164
155,1.0,"('6', '20')",3906908.6941754487,6,20,0.09766610201392809,0.2608695652173913,0.11015036778069584,0.1131752305665349,0.34782608695652173,0.2556517808411342
156,1.0,"('5', '7')",3575286.589406787,5,7,0.06515151515151515,0.2608695652173913,0.12859959055851536,0.030665349143610014,0.17391304347826086,0.11721217872477815
157,1.0,"('7', '22')",3658050.3316103485,7,22,0.030665349143610014,0.17391304347826086,0.11721217872477815,0.0718881360185708,0.34782608695652173,0.2674821364787066
158,1.0,"('17', '22')",3244792.1250281273,17,22,0.03197346132128741,0.2608695652173913,0.2675803160895164,0.0718881360185708,0.34782608695652173,0.2674821364787066
159,1.0,"('12', '15')",3223455.7659867443,12,15,0.13179936006022963,0.2608695652173913,0.1107234821379752,0.12247631595457684,0.34782608695652173,0.3171206350318802
160,1.0,"('1', '16')",3136217.090871588,1,16,0.03524374176548089,0.17391304347826086,0.03458625764818794,0.12462983876027355,0.34782608695652173,0.3046800656627788
161,1.0,"('7', '18')",3243429.3327893787,7,18,0.030665349143610014,0.17391304347826086,0.11721217872477815,0.09795627078235773,0.2608695652173913,0.19477575076862153
162,1.0,"('1', '3')",4466429.84436684,1,3,0.03524374176548089,0.17391304347826086,0.03458625764818794,0.09528514963297569,0.2608695652173913,0.07870089315411744
163,1.0,"('18', '14')",4598952.231309518,18,14,0.09795627078235773,0.2608695652173913,0.19477575076862153,0.08666478449087145,0.2608695652173913,0.20953217652623488
164,1.0,"('3', '4')",4336523.543671046,3,4,0.09528514963297569,0.2608695652173913,0.07870089315411744,0.10083756822887256,0.2608695652173913,0.1284552783451155
165,1.0,"('12', '19')",3633324.684091617,12,19,0.13179936006022963,0.2608695652173913,0.1107234821379752,0.03406424493381014,0.2608695652173913,0.24157828164948372
166,1.0,"('9', '14')",3683541.4456866416,9,14,0.07587834870443566,0.2608695652173913,0.2087343385919973,0.08666478449087145,0.2608695652173913,0.20953217652623488
167,1.0,"('24', '21')",3394828.2377207605,24,21,0.07042160737812911,0.2608695652173913,0.1220638225043423,0.06343873517786561,0.2608695652173913,0.18547546735595516
168,1.0,"('11', '10')",3187250.0270624617,11,10,0.2263786937699981,0.34782608695652173,0.2395383743622112,0.23997741389045735,0.43478260869565216,0.38454071635190656
169,1.0,"('2', '9')",3311255.140642336,2,9,0.03679653679653679,0.17391304347826086,0.04160853546813513,0.07587834870443566,0.2608695652173913,0.2087343385919973
170,1.0,"('1', '10')",3049671.619278413,1,10,0.03524374176548089,0.17391304347826086,0.03458625764818794,0.23997741389045735,0.43478260869565216,0.38454071635190656
171,1.0,"('11', '14')",4320449.423864416,11,14,0.2263786937699981,0.34782608695652173,0.2395383743622112,0.08666478449087145,0.2608695652173913,0.20953217652623488
172,1.0,"('8', '15')",4406202.573148864,8,15,0.13855323420540813,0.34782608695652173,0.21295500799725153,0.12247631595457684,0.34782608695652173,0.3171206350318802
173,1.0,"('14', '21')",4517037.4722493915,14,21,0.08666478449087145,0.2608695652173913,0.20953217652623488,0.06343873517786561,0.2608695652173913,0.18547546735595516
174,1.0,"('5', '21')",4774904.8339252705,5,21,0.06515151515151515,0.2608695652173913,0.12859959055851536,0.06343873517786561,0.2608695652173913,0.18547546735595516
175,1.0,"('8', '19')",5274701.599441709,8,19,0.13855323420540813,0.34782608695652173,0.21295500799725153,0.03406424493381014,0.2608695652173913,0.24157828164948372
176,1.0,"('14', '13')",3667093.987439737,14,13,0.08666478449087145,0.2608695652173913,0.20953217652623488,0.060276679841897225,0.17391304347826086,0.06691992394555502
177,1.0,"('3', '5')",3528452.079600799,3,5,0.09528514963297569,0.2608695652173913,0.07870089315411744,0.06515151515151515,0.2608695652173913,0.12859959055851536
178,1.0,"('2', '13')",3503686.990822825,2,13,0.03679653679653679,0.17391304347826086,0.04160853546813513,0.060276679841897225,0.17391304347826086,0.06691992394555502
179,1.0,"('3', '22')",3549123.872117292,3,22,0.09528514963297569,0.2608695652173913,0.07870089315411744,0.0718881360185708,0.34782608695652173,0.2674821364787066
180,1.0,"('1', '14')",4117317.48885942,1,14,0.03524374176548089,0.17391304347826086,0.03458625764818794,0.08666478449087145,0.2608695652173913,0.20953217652623488
181,1.0,"('2', '20')",4686966.560797105,2,20,0.03679653679653679,0.17391304347826086,0.04160853546813513,0.1131752305665349,0.34782608695652173,0.2556517808411342
182,1.0,"('4', '8')",3891135.132132491,4,8,0.10083756822887256,0.2608695652173913,0.1284552783451155,0.13855323420540813,0.34782608695652173,0.21295500799725153
183,1.0,"('4', '23')",3413044.4496825137,4,23,0.10083756822887256,0.2608695652173913,0.1284552783451155,0.0424775707384403,0.2608695652173913,0.17221773509232147
184,1.0,"('19', '21')",3325946.072357795,19,21,0.03406424493381014,0.2608695652173913,0.24157828164948372,0.06343873517786561,0.2608695652173913,0.18547546735595516
185,1.0,"('5', '16')",3466179.933931156,5,16,0.06515151515151515,0.2608695652173913,0.12859959055851536,0.12462983876027355,0.34782608695652173,0.3046800656627788
186,1.0,"('10', '21')",3009860.8095239075,10,21,0.23997741389045735,0.43478260869565216,0.38454071635190656,0.06343873517786561,0.2608695652173913,0.18547546735595516
187,1.0,"('15', '21')",3051363.010640807,15,21,0.12247631595457684,0.34782608695652173,0.3171206350318802,0.06343873517786561,0.2608695652173913,0.18547546735595516
188,1.0,"('6', '5')",3072134.366332368,6,5,0.09766610201392809,0.2608695652173913,0.11015036778069584,0.06515151515151515,0.2608695652173913,0.12859959055851536
189,1.0,"('6', '22')",4355335.1759865675,6,22,0.09766610201392809,0.2608695652173913,0.11015036778069584,0.0718881360185708,0.34782608695652173,0.2674821364787066
190,1.0,"('23', '21')",4769400.075062207,23,21,0.0424775707384403,0.2608695652173913,0.17221773509232147,0.06343873517786561,0.2608695652173913,0.18547546735595516
191,1.0,"('6', '18')",4506661.44708962,6,18,0.09766610201392809,0.2608695652173913,0.11015036778069584,0.09795627078235773,0.2608695652173913,0.19477575076862153
192,1.0,"('4', '17')",3694285.4950500154,4,17,0.10083756822887256,0.2608695652173913,0.1284552783451155,0.03197346132128741,0.2608695652173913,0.2675803160895164
193,1.0,"('7', '21')",3460581.4713839376,7,21,0.030665349143610014,0.17391304347826086,0.11721217872477815,0.06343873517786561,0.2608695652173913,0.18547546735595516
194,1.0,"('12', '9')",3529787.1052727853,12,9,0.13179936006022963,0.2608695652173913,0.1107234821379752,0.07587834870443566,0.2608695652173913,0.2087343385919973
195,1.0,"('20', '21')",3300017.3650904703,20,21,0.1131752305665349,0.34782608695652173,0.2556517808411342,0.06343873517786561,0.2608695652173913,0.18547546735595516
196,1.0,"('17', '21')",3149506.1101658354,17,21,0.03197346132128741,0.2608695652173913,0.2675803160895164,0.06343873517786561,0.2608695652173913,0.18547546735595516
197,1.0,"('3', '23')",3328407.7188193384,3,23,0.09528514963297569,0.2608695652173913,0.07870089315411744,0.0424775707384403,0.2608695652173913,0.17221773509232147
198,1.0,"('1', '12')",4903336.285527003,1,12,0.03524374176548089,0.17391304347826086,0.03458625764818794,0.13179936006022963,0.2608695652173913,0.1107234821379752
199,1.0,"('3', '8')",4810892.778115928,3,8,0.09528514963297569,0.2608695652173913,0.07870089315411744,0.13855323420540813,0.34782608695652173,0.21295500799725153
200,1.0,"('7', '16')",3933106.6916894577,7,16,0.030665349143610014,0.17391304347826086,0.11721217872477815,0.12462983876027355,0.34782608695652173,0.3046800656627788
201,1.0,"('12', '20')",3910989.2478991332,12,20,0.13179936006022963,0.2608695652173913,0.1107234821379752,0.1131752305665349,0.34782608695652173,0.2556517808411342
202,1.0,"('5', '22')",3331225.902254422,5,22,0.06515151515151515,0.2608695652173913,0.12859959055851536,0.0718881360185708,0.34782608695652173,0.2674821364787066
203,1.0,"('4', '19')",3432656.8855733913,4,19,0.10083756822887256,0.2608695652173913,0.1284552783451155,0.03406424493381014,0.2608695652173913,0.24157828164948372
204,1.0,"('18', '24')",3107657.7835897743,18,24,0.09795627078235773,0.2608695652173913,0.19477575076862153,0.07042160737812911,0.2608695652173913,0.1220638225043423
205,1.0,"('2', '5')",3055765.35425434,2,5,0.03679653679653679,0.17391304347826086,0.04160853546813513,0.06515151515151515,0.2608695652173913,0.12859959055851536
206,1.0,"('2', '22')",3036425.3420834932,2,22,0.03679653679653679,0.17391304347826086,0.04160853546813513,0.0718881360185708,0.34782608695652173,0.2674821364787066
207,1.0,"('4', '10')",5439760.356654457,4,10,0.10083756822887256,0.2608695652173913,0.1284552783451155,0.23997741389045735,0.43478260869565216,0.38454071635190656
208,1.0,"('9', '24')",5914931.1303973915,9,24,0.07587834870443566,0.2608695652173913,0.2087343385919973,0.07042160737812911,0.2608695652173913,0.1220638225043423
209,1.0,"('16', '23')",3963627.6098644626,16,23,0.12462983876027355,0.34782608695652173,0.3046800656627788,0.0424775707384403,0.2608695652173913,0.17221773509232147
210,1.0,"('14', '22')",4034418.6933936365,14,22,0.08666478449087145,0.2608695652173913,0.20953217652623488,0.0718881360185708,0.34782608695652173,0.2674821364787066
211,1.0,"('19', '22')",4488156.121758272,19,22,0.03406424493381014,0.2608695652173913,0.24157828164948372,0.0718881360185708,0.34782608695652173,0.2674821364787066
212,1.0,"('18', '17')",4098110.7674178616,18,17,0.09795627078235773,0.2608695652173913,0.19477575076862153,0.03197346132128741,0.2608695652173913,0.2675803160895164
213,1.0,"('2', '18')",3142280.6158800656,2,18,0.03679653679653679,0.17391304347826086,0.04160853546813513,0.09795627078235773,0.2608695652173913,0.19477575076862153
214,1.0,"('4', '14')",3303979.190985352,4,14,0.10083756822887256,0.2608695652173913,0.1284552783451155,0.08666478449087145,0.2608695652173913,0.20953217652623488
215,1.0,"('9', '17')",3195682.7084267302,9,17,0.07587834870443566,0.2608695652173913,0.2087343385919973,0.03197346132128741,0.2608695652173913,0.2675803160895164
216,1.0,"('8', '13')",6780589.076136963,8,13,0.13855323420540813,0.34782608695652173,0.21295500799725153,0.060276679841897225,0.17391304347826086,0.06691992394555502
217,1.0,"('11', '24')",4041675.81874225,11,24,0.2263786937699981,0.34782608695652173,0.2395383743622112,0.07042160737812911,0.2608695652173913,0.1220638225043423
218,1.0,"('8', '20')",3495498.54352602,8,20,0.13855323420540813,0.34782608695652173,0.21295500799725153,0.1131752305665349,0.34782608695652173,0.2556517808411342
219,1.0,"('3', '17')",3462047.2283555185,3,17,0.09528514963297569,0.2608695652173913,0.07870089315411744,0.03197346132128741,0.2608695652173913,0.2675803160895164
220,1.0,"('24', '23')",3528360.1466373517,24,23,0.07042160737812911,0.2608695652173913,0.1220638225043423,0.0424775707384403,0.2608695652173913,0.17221773509232147
221,1.0,"('1', '24')",3154551.37123103,1,24,0.03524374176548089,0.17391304347826086,0.03458625764818794,0.07042160737812911,0.2608695652173913,0.1220638225043423
222,1.0,"('3', '16')",3066734.582280923,3,16,0.09528514963297569,0.2608695652173913,0.07870089315411744,0.12462983876027355,0.34782608695652173,0.3046800656627788
223,1.0,"('23', '22')",3130864.3796319943,23,22,0.0424775707384403,0.2608695652173913,0.17221773509232147,0.0718881360185708,0.34782608695652173,0.2674821364787066
224,1.0,"('18', '19')",3235879.8707908387,18,19,0.09795627078235773,0.2608695652173913,0.19477575076862153,0.03406424493381014,0.2608695652173913,0.24157828164948372
225,1.0,"('16', '17')",4615529.958334275,16,17,0.12462983876027355,0.34782608695652173,0.3046800656627788,0.03197346132128741,0.2608695652173913,0.2675803160895164
226,1.0,"('13', '21')",4049797.6263792636,13,21,0.060276679841897225,0.17391304347826086,0.06691992394555502,0.06343873517786561,0.2608695652173913,0.18547546735595516
227,1.0,"('12', '11')",4002800.825595192,12,11,0.13179936006022963,0.2608695652173913,0.1107234821379752,0.2263786937699981,0.34782608695652173,0.2395383743622112
228,1.0,"('9', '19')",3664654.1743901493,9,19,0.07587834870443566,0.2608695652173913,0.2087343385919973,0.03406424493381014,0.2608695652173913,0.24157828164948372
229,1.0,"('6', '21')",3734833.3186201267,6,21,0.09766610201392809,0.2608695652173913,0.11015036778069584,0.06343873517786561,0.2608695652173913,0.18547546735595516
230,1.0,"('18', '10')",3248207.676978221,18,10,0.09795627078235773,0.2608695652173913,0.19477575076862153,0.23997741389045735,0.43478260869565216,0.38454071635190656
231,1.0,"('2', '7')",3665844.343644025,2,7,0.03679653679653679,0.17391304347826086,0.04160853546813513,0.030665349143610014,0.17391304347826086,0.11721217872477815
232,1.0,"('5', '23')",3627681.4716755035,5,23,0.06515151515151515,0.2608695652173913,0.12859959055851536,0.0424775707384403,0.2608695652173913,0.17221773509232147
233,1.0,"('5', '8')",3267869.368264869,5,8,0.06515151515151515,0.2608695652173913,0.12859959055851536,0.13855323420540813,0.34782608695652173,0.21295500799725153
234,1.0,"('11', '15')",4476708.354064039,11,15,0.2263786937699981,0.34782608695652173,0.2395383743622112,0.12247631595457684,0.34782608695652173,0.3171206350318802
235,1.0,"('3', '10')",3772800.4610497435,3,10,0.09528514963297569,0.2608695652173913,0.07870089315411744,0.23997741389045735,0.43478260869565216,0.38454071635190656
236,1.0,"('14', '23')",3661356.8919401243,14,23,0.08666478449087145,0.2608695652173913,0.20953217652623488,0.0424775707384403,0.2608695652173913,0.17221773509232147
237,1.0,"('6', '16')",3432864.7348658983,6,16,0.09766610201392809,0.2608695652173913,0.11015036778069584,0.12462983876027355,0.34782608695652173,0.3046800656627788
238,1.0,"('11', '19')",3400668.0792378583,11,19,0.2263786937699981,0.34782608695652173,0.2395383743622112,0.03406424493381014,0.2608695652173913,0.24157828164948372
239,1.0,"('1', '15')",3307449.7710461263,1,15,0.03524374176548089,0.17391304347826086,0.03458625764818794,0.12247631595457684,0.34782608695652173,0.3171206350318802
240,1.0,"('16', '10')",3377986.4447680507,16,10,0.12462983876027355,0.34782608695652173,0.3046800656627788,0.23997741389045735,0.43478260869565216,0.38454071635190656
241,1.0,"('3', '14')",3102717.91903383,3,14,0.09528514963297569,0.2608695652173913,0.07870089315411744,0.08666478449087145,0.2608695652173913,0.20953217652623488
242,1.0,"('4', '12')",3134517.8587963395,4,12,0.10083756822887256,0.2608695652173913,0.1284552783451155,0.13179936006022963,0.2608695652173913,0.1107234821379752
243,1.0,"('10', '23')",6113964.502433892,10,23,0.23997741389045735,0.43478260869565216,0.38454071635190656,0.0424775707384403,0.2608695652173913,0.17221773509232147
244,1.0,"('1', '19')",4029023.7986814314,1,19,0.03524374176548089,0.17391304347826086,0.03458625764818794,0.03406424493381014,0.2608695652173913,0.24157828164948372
245,1.0,"('12', '18')",3369465.869659246,12,18,0.13179936006022963,0.2608695652173913,0.1107234821379752,0.09795627078235773,0.2608695652173913,0.19477575076862153
246,1.0,"('1', '6')",3222037.3549391413,1,6,0.03524374176548089,0.17391304347826086,0.03458625764818794,0.09766610201392809,0.2608695652173913,0.11015036778069584
247,1.0,"('16', '14')",3030565.9384676013,16,14,0.12462983876027355,0.34782608695652173,0.3046800656627788,0.08666478449087145,0.2608695652173913,0.20953217652623488
248,1.0,"('15', '23')",2938197.055943652,15,23,0.12247631595457684,0.34782608695652173,0.3171206350318802,0.0424775707384403,0.2608695652173913,0.17221773509232147
249,1.0,"('6', '4')",2874837.0597106433,6,4,0.09766610201392809,0.2608695652173913,0.11015036778069584,0.10083756822887256,0.2608695652173913,0.1284552783451155
250,1.0,"('2', '21')",2819041.840835501,2,21,0.03679653679653679,0.17391304347826086,0.04160853546813513,0.06343873517786561,0.2608695652173913,0.18547546735595516
251,1.0,"('8', '22')",2749620.0196550754,8,22,0.13855323420540813,0.34782608695652173,0.21295500799725153,0.0718881360185708,0.34782608695652173,0.2674821364787066
252,1.0,"('5', '17')",4081910.567951552,5,17,0.06515151515151515,0.2608695652173913,0.12859959055851536,0.03197346132128741,0.2608695652173913,0.2675803160895164
253,1.0,"('24', '19')",4058706.911699526,24,19,0.07042160737812911,0.2608695652173913,0.1220638225043423,0.03406424493381014,0.2608695652173913,0.24157828164948372
254,1.0,"('8', '18')",3850419.883445064,8,18,0.13855323420540813,0.34782608695652173,0.21295500799725153,0.09795627078235773,0.2608695652173913,0.19477575076862153
255,1.0,"('7', '23')",3614498.3293508375,7,23,0.030665349143610014,0.17391304347826086,0.11721217872477815,0.0424775707384403,0.2608695652173913,0.17221773509232147
256,1.0,"('2', '16')",3541850.368139654,2,16,0.03679653679653679,0.17391304347826086,0.04160853546813513,0.12462983876027355,0.34782608695652173,0.3046800656627788
257,1.0,"('17', '23')",3273355.418767257,17,23,0.03197346132128741,0.2608695652173913,0.2675803160895164,0.0424775707384403,0.2608695652173913,0.17221773509232147
258,1.0,"('10', '17')",3190792.9095145003,10,17,0.23997741389045735,0.43478260869565216,0.38454071635190656,0.03197346132128741,0.2608695652173913,0.2675803160895164
259,1.0,"('13', '22')",3145400.632877115,13,22,0.060276679841897225,0.17391304347826086,0.06691992394555502,0.0718881360185708,0.34782608695652173,0.2674821364787066
260,1.0,"('4', '24')",2906487.905509107,4,24,0.10083756822887256,0.2608695652173913,0.1284552783451155,0.07042160737812911,0.2608695652173913,0.1220638225043423
261,1.0,"('12', '7')",3820565.591269728,12,7,0.13179936006022963,0.2608695652173913,0.1107234821379752,0.030665349143610014,0.17391304347826086,0.11721217872477815
262,1.0,"('15', '17')",3680831.9836631827,15,17,0.12247631595457684,0.34782608695652173,0.3171206350318802,0.03197346132128741,0.2608695652173913,0.2675803160895164
263,1.0,"('5', '10')",3586999.2209157874,5,10,0.06515151515151515,0.2608695652173913,0.12859959055851536,0.23997741389045735,0.43478260869565216,0.38454071635190656
264,1.0,"('3', '12')",3533798.668387683,3,12,0.09528514963297569,0.2608695652173913,0.07870089315411744,0.13179936006022963,0.2608695652173913,0.1107234821379752
265,1.0,"('2', '4')",3398027.336128834,2,4,0.03679653679653679,0.17391304347826086,0.04160853546813513,0.10083756822887256,0.2608695652173913,0.1284552783451155
266,1.0,"('18', '20')",3616458.991598905,18,20,0.09795627078235773,0.2608695652173913,0.19477575076862153,0.1131752305665349,0.34782608695652173,0.2556517808411342
267,1.0,"('9', '20')",4121176.7333395425,9,20,0.07587834870443566,0.2608695652173913,0.2087343385919973,0.1131752305665349,0.34782608695652173,0.2556517808411342
268,1.0,"('5', '14')",3844834.8300282075,5,14,0.06515151515151515,0.2608695652173913,0.12859959055851536,0.08666478449087145,0.2608695652173913,0.20953217652623488
269,1.0,"('4', '11')",2800767.2067596666,4,11,0.10083756822887256,0.2608695652173913,0.1284552783451155,0.2263786937699981,0.34782608695652173,0.2395383743622112
270,1.0,"('11', '9')",4436676.914629544,11,9,0.2263786937699981,0.34782608695652173,0.2395383743622112,0.07587834870443566,0.2608695652173913,0.2087343385919973
271,1.0,"('8', '7')",4288775.363698215,8,7,0.13855323420540813,0.34782608695652173,0.21295500799725153,0.030665349143610014,0.17391304347826086,0.11721217872477815
272,1.0,"('7', '17')",4283846.781930337,7,17,0.030665349143610014,0.17391304347826086,0.11721217872477815,0.03197346132128741,0.2608695652173913,0.2675803160895164
273,1.0,"('15', '19')",4500847.509862904,15,19,0.12247631595457684,0.34782608695652173,0.3171206350318802,0.03406424493381014,0.2608695652173913,0.24157828164948372
274,1.0,"('1', '9')",4039836.974952659,1,9,0.03524374176548089,0.17391304347826086,0.03458625764818794,0.07587834870443566,0.2608695652173913,0.2087343385919973
275,1.0,"('12', '13')",4644672.833293348,12,13,0.13179936006022963,0.2608695652173913,0.1107234821379752,0.060276679841897225,0.17391304347826086,0.06691992394555502
