,const,station,station_time,station1,station2,betweenness_o,out_degree_o,in_degree_o,eigenvector_o,closeness_o,degree_o,betweenness_d,out_degree_d,in_degree_d,eigenvector_d,closeness_d,degree_d,int_in_degree_centrality,int_out_degree_centrality,pct_change
0,1.0,"(0, 1)",4789500.0,0,1,17.833333333333332,0.4,0.4,0.08993678802063476,0.26436781609195403,0.17391304347826086,18.619047619047617,0.4,0.4,0.1081968372854894,0.26744186046511625,0.17391304347826086,0.16000000000000003,0.16000000000000003,-0.0025823111684958036
1,1.0,"(0, 2)",4794600.0,0,2,17.833333333333332,0.4,0.4,0.08993678802063476,0.26436781609195403,0.17391304347826086,48.2142857142857,0.6,0.6,0.20465579017995755,0.30666666666666664,0.2608695652173913,0.24,0.24,-0.001520231575001562
2,1.0,"(0, 3)",4801900.0,0,3,17.833333333333332,0.4,0.4,0.08993678802063476,0.26436781609195403,0.17391304347826086,49.41904761904762,0.6,0.6,0.28643494565135763,0.3108108108108108,0.2608695652173913,0.24,0.24,0.0
3,1.0,"(0, 4)",4801900.0,0,4,17.833333333333332,0.4,0.4,0.08993678802063476,0.26436781609195403,0.17391304347826086,51.02380952380952,0.6,0.6,0.3340403633472054,0.3484848484848485,0.2608695652173913,0.24,0.24,0.0
4,1.0,"(0, 5)",4795600.0,0,5,17.833333333333332,0.4,0.4,0.08993678802063476,0.26436781609195403,0.17391304347826086,66.6904761904762,0.6,0.6,0.28793510492851293,0.3484848484848485,0.2608695652173913,0.24,0.24,-0.0013119806743164164
5,1.0,"(0, 6)",4801900.0,0,6,17.833333333333332,0.4,0.4,0.08993678802063476,0.26436781609195403,0.17391304347826086,32.96666666666667,0.6,0.6,0.33441194706388816,0.3333333333333333,0.2608695652173913,0.24,0.24,0.0
6,1.0,"(0, 7)",4801900.0,0,7,17.833333333333332,0.4,0.4,0.08993678802063476,0.26436781609195403,0.17391304347826086,114.54761904761905,0.8,0.8,0.6229195613097624,0.40350877192982454,0.34782608695652173,0.32000000000000006,0.32000000000000006,0.0
7,1.0,"(0, 8)",4801900.0,0,8,17.833333333333332,0.4,0.4,0.08993678802063476,0.26436781609195403,0.17391304347826086,38.394444444444446,0.6,0.6,0.5428045745433022,0.36507936507936506,0.2608695652173913,0.24,0.24,0.0
8,1.0,"(0, 9)",4801900.0,0,9,17.833333333333332,0.4,0.4,0.08993678802063476,0.26436781609195403,0.17391304347826086,70.10793650793651,0.8,0.8,0.5537790933719122,0.34328358208955223,0.34782608695652173,0.32000000000000006,0.32000000000000006,0.0
9,1.0,"(0, 10)",4801900.0,0,10,17.833333333333332,0.4,0.4,0.08993678802063476,0.26436781609195403,0.17391304347826086,15.516666666666667,0.4,0.4,0.30480829227673667,0.30666666666666664,0.17391304347826086,0.16000000000000003,0.16000000000000003,0.0
10,1.0,"(0, 11)",4801900.0,0,11,17.833333333333332,0.4,0.4,0.08993678802063476,0.26436781609195403,0.17391304347826086,49.56587301587302,0.6,0.6,0.5065220048856103,0.34328358208955223,0.2608695652173913,0.24,0.24,0.0
11,1.0,"(0, 12)",4801900.0,0,12,17.833333333333332,0.4,0.4,0.08993678802063476,0.26436781609195403,0.17391304347826086,63.06269841269842,0.8,0.8,0.7923190081569512,0.3898305084745763,0.34782608695652173,0.32000000000000006,0.32000000000000006,0.0
12,1.0,"(0, 13)",4801900.0,0,13,17.833333333333332,0.4,0.4,0.08993678802063476,0.26436781609195403,0.17391304347826086,121.42857142857143,1.0,1.0,0.9999999999999999,0.42592592592592593,0.43478260869565216,0.4,0.4,0.0
13,1.0,"(0, 14)",4801900.0,0,14,17.833333333333332,0.4,0.4,0.08993678802063476,0.26436781609195403,0.17391304347826086,61.97301587301588,0.8,0.8,0.8246936271539083,0.3709677419354839,0.34782608695652173,0.32000000000000006,0.32000000000000006,0.0
14,1.0,"(0, 15)",4801900.0,0,15,17.833333333333332,0.4,0.4,0.08993678802063476,0.26436781609195403,0.17391304347826086,16.17857142857143,0.6,0.6,0.695846735661641,0.359375,0.2608695652173913,0.24,0.24,0.0
15,1.0,"(0, 16)",4801900.0,0,16,17.833333333333332,0.4,0.4,0.08993678802063476,0.26436781609195403,0.17391304347826086,43.852380952380955,0.6,0.6,0.5449022437754366,0.35384615384615387,0.2608695652173913,0.24,0.24,0.0
16,1.0,"(0, 17)",4795000.0,0,17,17.833333333333332,0.4,0.4,0.08993678802063476,0.26436781609195403,0.17391304347826086,30.499999999999996,0.4,0.4,0.17403095555069364,0.30666666666666664,0.17391304347826086,0.16000000000000003,0.16000000000000003,-0.0014369312147275036
17,1.0,"(0, 18)",4797500.0,0,18,17.833333333333332,0.4,0.4,0.08993678802063476,0.26436781609195403,0.17391304347826086,35.63333333333333,0.6,0.6,0.3174461067272227,0.3026315789473684,0.2608695652173913,0.24,0.24,-0.0009163039630146401
18,1.0,"(0, 19)",4797700.0,0,19,17.833333333333332,0.4,0.4,0.08993678802063476,0.26436781609195403,0.17391304347826086,21.493650793650794,0.6,0.6,0.44787476956580785,0.3150684931506849,0.2608695652173913,0.24,0.24,-0.0008746537828776109
19,1.0,"(0, 20)",4801900.0,0,20,17.833333333333332,0.4,0.4,0.08993678802063476,0.26436781609195403,0.17391304347826086,17.236507936507934,0.6,0.6,0.6282419697940432,0.3333333333333333,0.2608695652173913,0.24,0.24,0.0
20,1.0,"(0, 21)",4801900.0,0,21,17.833333333333332,0.4,0.4,0.08993678802063476,0.26436781609195403,0.17391304347826086,36.37539682539683,0.8,0.8,0.6956214360322597,0.32857142857142857,0.34782608695652173,0.32000000000000006,0.32000000000000006,0.0
21,1.0,"(0, 22)",4801900.0,0,22,17.833333333333332,0.4,0.4,0.08993678802063476,0.26436781609195403,0.17391304347826086,57.266666666666666,0.8,0.8,0.6648517916056137,0.32857142857142857,0.34782608695652173,0.32000000000000006,0.32000000000000006,0.0
22,1.0,"(0, 23)",4801900.0,0,23,17.833333333333332,0.4,0.4,0.08993678802063476,0.26436781609195403,0.17391304347826086,32.1,0.6,0.6,0.482357066050804,0.3150684931506849,0.2608695652173913,0.24,0.24,0.0
23,1.0,"(1, 2)",4791300.0,1,2,18.619047619047617,0.4,0.4,0.1081968372854894,0.26744186046511625,0.17391304347826086,48.2142857142857,0.6,0.6,0.20465579017995755,0.30666666666666664,0.2608695652173913,0.24,0.24,-0.002207459547262542
24,1.0,"(1, 3)",4739850.0,1,3,18.619047619047617,0.4,0.4,0.1081968372854894,0.26744186046511625,0.17391304347826086,49.41904761904762,0.6,0.6,0.28643494565135763,0.3108108108108108,0.2608695652173913,0.24,0.24,-0.012921968387513276
25,1.0,"(1, 4)",4788150.0,1,4,18.619047619047617,0.4,0.4,0.1081968372854894,0.26744186046511625,0.17391304347826086,51.02380952380952,0.6,0.6,0.3340403633472054,0.3484848484848485,0.2608695652173913,0.24,0.24,-0.0028634498844207503
26,1.0,"(1, 5)",4790600.0,1,5,18.619047619047617,0.4,0.4,0.1081968372854894,0.26744186046511625,0.17391304347826086,66.6904761904762,0.6,0.6,0.28793510492851293,0.3484848484848485,0.2608695652173913,0.24,0.24,-0.002353235177742144
27,1.0,"(1, 6)",4783700.0,1,6,18.619047619047617,0.4,0.4,0.1081968372854894,0.26744186046511625,0.17391304347826086,32.96666666666667,0.6,0.6,0.33441194706388816,0.3333333333333333,0.2608695652173913,0.24,0.24,-0.0037901663924696473
28,1.0,"(1, 7)",4790400.0,1,7,18.619047619047617,0.4,0.4,0.1081968372854894,0.26744186046511625,0.17391304347826086,114.54761904761905,0.8,0.8,0.6229195613097624,0.40350877192982454,0.34782608695652173,0.32000000000000006,0.32000000000000006,-0.0023948853578791727
29,1.0,"(1, 8)",4794700.0,1,8,18.619047619047617,0.4,0.4,0.1081968372854894,0.26744186046511625,0.17391304347826086,38.394444444444446,0.6,0.6,0.5428045745433022,0.36507936507936506,0.2608695652173913,0.24,0.24,-0.0014994064849330473
30,1.0,"(1, 9)",4769100.0,1,9,18.619047619047617,0.4,0.4,0.1081968372854894,0.26744186046511625,0.17391304347826086,70.10793650793651,0.8,0.8,0.5537790933719122,0.34328358208955223,0.34782608695652173,0.32000000000000006,0.32000000000000006,-0.006830629542472771
31,1.0,"(1, 10)",4781950.0,1,10,18.619047619047617,0.4,0.4,0.1081968372854894,0.26744186046511625,0.17391304347826086,15.516666666666667,0.4,0.4,0.30480829227673667,0.30666666666666664,0.17391304347826086,0.16000000000000003,0.16000000000000003,-0.004154605468668652
32,1.0,"(1, 11)",4788900.0,1,11,18.619047619047617,0.4,0.4,0.1081968372854894,0.26744186046511625,0.17391304347826086,49.56587301587302,0.6,0.6,0.5065220048856103,0.34328358208955223,0.2608695652173913,0.24,0.24,-0.002707261708906891
33,1.0,"(1, 12)",4787350.0,1,12,18.619047619047617,0.4,0.4,0.1081968372854894,0.26744186046511625,0.17391304347826086,63.06269841269842,0.8,0.8,0.7923190081569512,0.3898305084745763,0.34782608695652173,0.32000000000000006,0.32000000000000006,-0.0030300506049688665
34,1.0,"(1, 13)",4796150.0,1,13,18.619047619047617,0.4,0.4,0.1081968372854894,0.26744186046511625,0.17391304347826086,121.42857142857143,1.0,1.0,0.9999999999999999,0.42592592592592593,0.43478260869565216,0.4,0.4,-0.0011974426789395864
35,1.0,"(1, 14)",4797400.0,1,14,18.619047619047617,0.4,0.4,0.1081968372854894,0.26744186046511625,0.17391304347826086,61.97301587301588,0.8,0.8,0.8246936271539083,0.3709677419354839,0.34782608695652173,0.32000000000000006,0.32000000000000006,-0.0009371290530831546
36,1.0,"(1, 15)",4789600.0,1,15,18.619047619047617,0.4,0.4,0.1081968372854894,0.26744186046511625,0.17391304347826086,16.17857142857143,0.6,0.6,0.695846735661641,0.359375,0.2608695652173913,0.24,0.24,-0.0025614860784272894
37,1.0,"(1, 16)",4793650.0,1,16,18.619047619047617,0.4,0.4,0.1081968372854894,0.26744186046511625,0.17391304347826086,43.852380952380955,0.6,0.6,0.5449022437754366,0.35384615384615387,0.2608695652173913,0.24,0.24,-0.00171806993065245
38,1.0,"(1, 17)",4791000.0,1,17,18.619047619047617,0.4,0.4,0.1081968372854894,0.26744186046511625,0.17391304347826086,30.499999999999996,0.4,0.4,0.17403095555069364,0.30666666666666664,0.17391304347826086,0.16000000000000003,0.16000000000000003,-0.0022699348174680853
39,1.0,"(1, 18)",4795500.0,1,18,18.619047619047617,0.4,0.4,0.1081968372854894,0.26744186046511625,0.17391304347826086,35.63333333333333,0.6,0.6,0.3174461067272227,0.3026315789473684,0.2608695652173913,0.24,0.24,-0.001332805764384931
40,1.0,"(1, 19)",4796200.0,1,19,18.619047619047617,0.4,0.4,0.1081968372854894,0.26744186046511625,0.17391304347826086,21.493650793650794,0.6,0.6,0.44787476956580785,0.3150684931506849,0.2608695652173913,0.24,0.24,-0.001187030133905329
41,1.0,"(1, 20)",4794400.0,1,20,18.619047619047617,0.4,0.4,0.1081968372854894,0.26744186046511625,0.17391304347826086,17.236507936507934,0.6,0.6,0.6282419697940432,0.3333333333333333,0.2608695652173913,0.24,0.24,-0.001561881755138591
42,1.0,"(1, 21)",4800300.0,1,21,18.619047619047617,0.4,0.4,0.1081968372854894,0.26744186046511625,0.17391304347826086,36.37539682539683,0.8,0.8,0.6956214360322597,0.32857142857142857,0.34782608695652173,0.32000000000000006,0.32000000000000006,-0.00033320144109623276
43,1.0,"(1, 22)",4792700.0,1,22,18.619047619047617,0.4,0.4,0.1081968372854894,0.26744186046511625,0.17391304347826086,57.266666666666666,0.8,0.8,0.6648517916056137,0.32857142857142857,0.34782608695652173,0.32000000000000006,0.32000000000000006,-0.0019159082863033383
44,1.0,"(1, 23)",4796950.0,1,23,18.619047619047617,0.4,0.4,0.1081968372854894,0.26744186046511625,0.17391304347826086,32.1,0.6,0.6,0.482357066050804,0.3150684931506849,0.2608695652173913,0.24,0.24,-0.0010308419583914701
45,1.0,"(2, 3)",4765650.0,2,3,48.2142857142857,0.6,0.6,0.20465579017995755,0.30666666666666664,0.2608695652173913,49.41904761904762,0.6,0.6,0.28643494565135763,0.3108108108108108,0.2608695652173913,0.36,0.36,-0.007549095149836523
46,1.0,"(2, 4)",4733950.0,2,4,48.2142857142857,0.6,0.6,0.20465579017995755,0.30666666666666664,0.2608695652173913,51.02380952380952,0.6,0.6,0.3340403633472054,0.3484848484848485,0.2608695652173913,0.36,0.36,-0.014150648701555635
47,1.0,"(2, 5)",4742800.0,2,5,48.2142857142857,0.6,0.6,0.20465579017995755,0.30666666666666664,0.2608695652173913,66.6904761904762,0.6,0.6,0.28793510492851293,0.3484848484848485,0.2608695652173913,0.36,0.36,-0.012307628230492097
48,1.0,"(2, 6)",4757200.0,2,6,48.2142857142857,0.6,0.6,0.20465579017995755,0.30666666666666664,0.2608695652173913,32.96666666666667,0.6,0.6,0.33441194706388816,0.3333333333333333,0.2608695652173913,0.36,0.36,-0.009308815260626001
49,1.0,"(2, 7)",4798900.0,2,7,48.2142857142857,0.6,0.6,0.20465579017995755,0.30666666666666664,0.2608695652173913,114.54761904761905,0.8,0.8,0.6229195613097624,0.40350877192982454,0.34782608695652173,0.48,0.48,-0.0006247527020554364
50,1.0,"(2, 8)",4797350.0,2,8,48.2142857142857,0.6,0.6,0.20465579017995755,0.30666666666666664,0.2608695652173913,38.394444444444446,0.6,0.6,0.5428045745433022,0.36507936507936506,0.2608695652173913,0.36,0.36,-0.0009475415981174118
51,1.0,"(2, 9)",4761350.0,2,9,48.2142857142857,0.6,0.6,0.20465579017995755,0.30666666666666664,0.2608695652173913,70.10793650793651,0.8,0.8,0.5537790933719122,0.34328358208955223,0.34782608695652173,0.48,0.48,-0.008444574022782649
52,1.0,"(2, 10)",4781200.0,2,10,48.2142857142857,0.6,0.6,0.20465579017995755,0.30666666666666664,0.2608695652173913,15.516666666666667,0.4,0.4,0.30480829227673667,0.30666666666666664,0.17391304347826086,0.24,0.24,-0.004310793644182511
53,1.0,"(2, 11)",4799100.0,2,11,48.2142857142857,0.6,0.6,0.20465579017995755,0.30666666666666664,0.2608695652173913,49.56587301587302,0.6,0.6,0.5065220048856103,0.34328358208955223,0.2608695652173913,0.36,0.36,-0.0005831025219184073
54,1.0,"(2, 12)",4797950.0,2,12,48.2142857142857,0.6,0.6,0.20465579017995755,0.30666666666666664,0.2608695652173913,63.06269841269842,0.8,0.8,0.7923190081569512,0.3898305084745763,0.34782608695652173,0.48,0.48,-0.0008225910577063245
55,1.0,"(2, 13)",4798750.0,2,13,48.2142857142857,0.6,0.6,0.20465579017995755,0.30666666666666664,0.2608695652173913,121.42857142857143,1.0,1.0,0.9999999999999999,0.42592592592592593,0.43478260869565216,0.6,0.6,-0.0006559903371582082
56,1.0,"(2, 14)",4800350.0,2,14,48.2142857142857,0.6,0.6,0.20465579017995755,0.30666666666666664,0.2608695652173913,61.97301587301588,0.8,0.8,0.8246936271539083,0.3709677419354839,0.34782608695652173,0.48,0.48,-0.00032278889606197545
57,1.0,"(2, 15)",4798700.0,2,15,48.2142857142857,0.6,0.6,0.20465579017995755,0.30666666666666664,0.2608695652173913,16.17857142857143,0.6,0.6,0.695846735661641,0.359375,0.2608695652173913,0.36,0.36,-0.0006664028821924655
58,1.0,"(2, 16)",4797900.0,2,16,48.2142857142857,0.6,0.6,0.20465579017995755,0.30666666666666664,0.2608695652173913,43.852380952380955,0.6,0.6,0.5449022437754366,0.35384615384615387,0.2608695652173913,0.36,0.36,-0.0008330036027405819
59,1.0,"(2, 17)",4768800.0,2,17,48.2142857142857,0.6,0.6,0.20465579017995755,0.30666666666666664,0.2608695652173913,30.499999999999996,0.4,0.4,0.17403095555069364,0.30666666666666664,0.17391304347826086,0.24,0.24,-0.006893104812678315
60,1.0,"(2, 18)",4788850.0,2,18,48.2142857142857,0.6,0.6,0.20465579017995755,0.30666666666666664,0.2608695652173913,35.63333333333333,0.6,0.6,0.3174461067272227,0.3026315789473684,0.2608695652173913,0.36,0.36,-0.0027176742539411483
61,1.0,"(2, 19)",4796400.0,2,19,48.2142857142857,0.6,0.6,0.20465579017995755,0.30666666666666664,0.2608695652173913,21.493650793650794,0.6,0.6,0.44787476956580785,0.3150684931506849,0.2608695652173913,0.36,0.36,-0.0011453799537683
62,1.0,"(2, 20)",4800100.0,2,20,48.2142857142857,0.6,0.6,0.20465579017995755,0.30666666666666664,0.2608695652173913,17.236507936507934,0.6,0.6,0.6282419697940432,0.3333333333333333,0.2608695652173913,0.36,0.36,-0.0003748516212332618
63,1.0,"(2, 21)",4800600.0,2,21,48.2142857142857,0.6,0.6,0.20465579017995755,0.30666666666666664,0.2608695652173913,36.37539682539683,0.8,0.8,0.6956214360322597,0.32857142857142857,0.34782608695652173,0.48,0.48,-0.00027072617089068913
64,1.0,"(2, 22)",4800400.0,2,22,48.2142857142857,0.6,0.6,0.20465579017995755,0.30666666666666664,0.2608695652173913,57.266666666666666,0.8,0.8,0.6648517916056137,0.32857142857142857,0.34782608695652173,0.48,0.48,-0.0003123763510277182
65,1.0,"(2, 23)",4794300.0,2,23,48.2142857142857,0.6,0.6,0.20465579017995755,0.30666666666666664,0.2608695652173913,32.1,0.6,0.6,0.482357066050804,0.3150684931506849,0.2608695652173913,0.36,0.36,-0.0015827068452071056
66,1.0,"(3, 4)",4719850.0,3,4,49.41904761904762,0.6,0.6,0.28643494565135763,0.3108108108108108,0.2608695652173913,51.02380952380952,0.6,0.6,0.3340403633472054,0.3484848484848485,0.2608695652173913,0.36,0.36,-0.017086986401216184
67,1.0,"(3, 5)",4770400.0,3,5,49.41904761904762,0.6,0.6,0.28643494565135763,0.3108108108108108,0.2608695652173913,66.6904761904762,0.6,0.6,0.28793510492851293,0.3484848484848485,0.2608695652173913,0.36,0.36,-0.006559903371582082
68,1.0,"(3, 6)",4694650.0,3,6,49.41904761904762,0.6,0.6,0.28643494565135763,0.3108108108108108,0.2608695652173913,32.96666666666667,0.6,0.6,0.33441194706388816,0.3333333333333333,0.2608695652173913,0.36,0.36,-0.02233490909848185
69,1.0,"(3, 7)",4792800.0,3,7,49.41904761904762,0.6,0.6,0.28643494565135763,0.3108108108108108,0.2608695652173913,114.54761904761905,0.8,0.8,0.6229195613097624,0.40350877192982454,0.34782608695652173,0.48,0.48,-0.0018950831962348236
70,1.0,"(3, 8)",4797400.0,3,8,49.41904761904762,0.6,0.6,0.28643494565135763,0.3108108108108108,0.2608695652173913,38.394444444444446,0.6,0.6,0.5428045745433022,0.36507936507936506,0.2608695652173913,0.36,0.36,-0.0009371290530831546
71,1.0,"(3, 9)",4696200.0,3,9,49.41904761904762,0.6,0.6,0.28643494565135763,0.3108108108108108,0.2608695652173913,70.10793650793651,0.8,0.8,0.5537790933719122,0.34328358208955223,0.34782608695652173,0.48,0.48,-0.022012120202419876
72,1.0,"(3, 10)",4746850.0,3,10,49.41904761904762,0.6,0.6,0.28643494565135763,0.3108108108108108,0.2608695652173913,15.516666666666667,0.4,0.4,0.30480829227673667,0.30666666666666664,0.17391304347826086,0.24,0.24,-0.011464212082717258
73,1.0,"(3, 11)",4770850.0,3,11,49.41904761904762,0.6,0.6,0.28643494565135763,0.3108108108108108,0.2608695652173913,49.56587301587302,0.6,0.6,0.5065220048856103,0.34328358208955223,0.2608695652173913,0.36,0.36,-0.006466190466273766
74,1.0,"(3, 12)",4775650.0,3,12,49.41904761904762,0.6,0.6,0.28643494565135763,0.3108108108108108,0.2608695652173913,63.06269841269842,0.8,0.8,0.7923190081569512,0.3898305084745763,0.34782608695652173,0.48,0.48,-0.005466586142985068
75,1.0,"(3, 13)",4797100.0,3,13,49.41904761904762,0.6,0.6,0.28643494565135763,0.3108108108108108,0.2608695652173913,121.42857142857143,1.0,1.0,0.9999999999999999,0.42592592592592593,0.43478260869565216,0.6,0.6,-0.0009996043232886982
76,1.0,"(3, 14)",4797300.0,3,14,49.41904761904762,0.6,0.6,0.28643494565135763,0.3108108108108108,0.2608695652173913,61.97301587301588,0.8,0.8,0.8246936271539083,0.3709677419354839,0.34782608695652173,0.48,0.48,-0.0009579541431516691
77,1.0,"(3, 15)",4777700.0,3,15,49.41904761904762,0.6,0.6,0.28643494565135763,0.3108108108108108,0.2608695652173913,16.17857142857143,0.6,0.6,0.695846735661641,0.359375,0.2608695652173913,0.36,0.36,-0.00503967179658052
78,1.0,"(3, 16)",4793500.0,3,16,49.41904761904762,0.6,0.6,0.28643494565135763,0.3108108108108108,0.2608695652173913,43.852380952380955,0.6,0.6,0.5449022437754366,0.35384615384615387,0.2608695652173913,0.36,0.36,-0.0017493075657552218
79,1.0,"(3, 17)",4788400.0,3,17,49.41904761904762,0.6,0.6,0.28643494565135763,0.3108108108108108,0.2608695652173913,30.499999999999996,0.4,0.4,0.17403095555069364,0.30666666666666664,0.17391304347826086,0.24,0.24,-0.0028113871592494637
80,1.0,"(3, 18)",4801900.0,3,18,49.41904761904762,0.6,0.6,0.28643494565135763,0.3108108108108108,0.2608695652173913,35.63333333333333,0.6,0.6,0.3174461067272227,0.3026315789473684,0.2608695652173913,0.36,0.36,0.0
81,1.0,"(3, 19)",4801900.0,3,19,49.41904761904762,0.6,0.6,0.28643494565135763,0.3108108108108108,0.2608695652173913,21.493650793650794,0.6,0.6,0.44787476956580785,0.3150684931506849,0.2608695652173913,0.36,0.36,0.0
82,1.0,"(3, 20)",4787800.0,3,20,49.41904761904762,0.6,0.6,0.28643494565135763,0.3108108108108108,0.2608695652173913,17.236507936507934,0.6,0.6,0.6282419697940432,0.3333333333333333,0.2608695652173913,0.36,0.36,-0.002936337699660551
83,1.0,"(3, 21)",4800650.0,3,21,49.41904761904762,0.6,0.6,0.28643494565135763,0.3108108108108108,0.2608695652173913,36.37539682539683,0.8,0.8,0.6956214360322597,0.32857142857142857,0.34782608695652173,0.48,0.48,-0.0002603136258564318
84,1.0,"(3, 22)",4787900.0,3,22,49.41904761904762,0.6,0.6,0.28643494565135763,0.3108108108108108,0.2608695652173913,57.266666666666666,0.8,0.8,0.6648517916056137,0.32857142857142857,0.34782608695652173,0.48,0.48,-0.0029155126095920364
85,1.0,"(3, 23)",4796700.0,3,23,49.41904761904762,0.6,0.6,0.28643494565135763,0.3108108108108108,0.2608695652173913,32.1,0.6,0.6,0.482357066050804,0.3150684931506849,0.2608695652173913,0.36,0.36,-0.0010829046835627565
86,1.0,"(4, 5)",4757200.0,4,5,51.02380952380952,0.6,0.6,0.3340403633472054,0.3484848484848485,0.2608695652173913,66.6904761904762,0.6,0.6,0.28793510492851293,0.3484848484848485,0.2608695652173913,0.36,0.36,-0.009308815260626001
87,1.0,"(4, 6)",4688750.0,4,6,51.02380952380952,0.6,0.6,0.3340403633472054,0.3484848484848485,0.2608695652173913,32.96666666666667,0.6,0.6,0.33441194706388816,0.3333333333333333,0.2608695652173913,0.36,0.36,-0.02356358941252421
88,1.0,"(4, 7)",4772150.0,4,7,51.02380952380952,0.6,0.6,0.3340403633472054,0.3484848484848485,0.2608695652173913,114.54761904761905,0.8,0.8,0.6229195613097624,0.40350877192982454,0.34782608695652173,0.48,0.48,-0.006195464295383078
89,1.0,"(4, 8)",4794900.0,4,8,51.02380952380952,0.6,0.6,0.3340403633472054,0.3484848484848485,0.2608695652173913,38.394444444444446,0.6,0.6,0.5428045745433022,0.36507936507936506,0.2608695652173913,0.36,0.36,-0.0014577563047960182
90,1.0,"(4, 9)",4722850.0,4,9,51.02380952380952,0.6,0.6,0.3340403633472054,0.3484848484848485,0.2608695652173913,70.10793650793651,0.8,0.8,0.5537790933719122,0.34328358208955223,0.34782608695652173,0.48,0.48,-0.01646223369916075
91,1.0,"(4, 10)",4755900.0,4,10,51.02380952380952,0.6,0.6,0.3340403633472054,0.3484848484848485,0.2608695652173913,15.516666666666667,0.4,0.4,0.30480829227673667,0.30666666666666664,0.17391304347826086,0.24,0.24,-0.009579541431516691
92,1.0,"(4, 11)",4779900.0,4,11,51.02380952380952,0.6,0.6,0.3340403633472054,0.3484848484848485,0.2608695652173913,49.56587301587302,0.6,0.6,0.5065220048856103,0.34328358208955223,0.2608695652173913,0.36,0.36,-0.0045815198150732
93,1.0,"(4, 12)",4784950.0,4,12,51.02380952380952,0.6,0.6,0.3340403633472054,0.3484848484848485,0.2608695652173913,63.06269841269842,0.8,0.8,0.7923190081569512,0.3898305084745763,0.34782608695652173,0.48,0.48,-0.0035298527666132156
94,1.0,"(4, 13)",4795150.0,4,13,51.02380952380952,0.6,0.6,0.3340403633472054,0.3484848484848485,0.2608695652173913,121.42857142857143,1.0,1.0,0.9999999999999999,0.42592592592592593,0.43478260869565216,0.6,0.6,-0.0014056935796247319
95,1.0,"(4, 14)",4797150.0,4,14,51.02380952380952,0.6,0.6,0.3340403633472054,0.3484848484848485,0.2608695652173913,61.97301587301588,0.8,0.8,0.8246936271539083,0.3709677419354839,0.34782608695652173,0.48,0.48,-0.0009891917782544409
96,1.0,"(4, 15)",4788900.0,4,15,51.02380952380952,0.6,0.6,0.3340403633472054,0.3484848484848485,0.2608695652173913,16.17857142857143,0.6,0.6,0.695846735661641,0.359375,0.2608695652173913,0.36,0.36,-0.002707261708906891
97,1.0,"(4, 16)",4777250.0,4,16,51.02380952380952,0.6,0.6,0.3340403633472054,0.3484848484848485,0.2608695652173913,43.852380952380955,0.6,0.6,0.5449022437754366,0.35384615384615387,0.2608695652173913,0.36,0.36,-0.005133384701888836
98,1.0,"(4, 17)",4774200.0,4,17,51.02380952380952,0.6,0.6,0.3340403633472054,0.3484848484848485,0.2608695652173913,30.499999999999996,0.4,0.4,0.17403095555069364,0.30666666666666664,0.17391304347826086,0.24,0.24,-0.005768549948978529
99,1.0,"(4, 18)",4794200.0,4,18,51.02380952380952,0.6,0.6,0.3340403633472054,0.3484848484848485,0.2608695652173913,35.63333333333333,0.6,0.6,0.3174461067272227,0.3026315789473684,0.2608695652173913,0.36,0.36,-0.00160353193527562
100,1.0,"(4, 19)",4796500.0,4,19,51.02380952380952,0.6,0.6,0.3340403633472054,0.3484848484848485,0.2608695652173913,21.493650793650794,0.6,0.6,0.44787476956580785,0.3150684931506849,0.2608695652173913,0.36,0.36,-0.0011245548636997856
101,1.0,"(4, 20)",4795900.0,4,20,51.02380952380952,0.6,0.6,0.3340403633472054,0.3484848484848485,0.2608695652173913,17.236507936507934,0.6,0.6,0.6282419697940432,0.3333333333333333,0.2608695652173913,0.36,0.36,-0.0012495054041108727
102,1.0,"(4, 21)",4799300.0,4,21,51.02380952380952,0.6,0.6,0.3340403633472054,0.3484848484848485,0.2608695652173913,36.37539682539683,0.8,0.8,0.6956214360322597,0.32857142857142857,0.34782608695652173,0.48,0.48,-0.0005414523417813783
103,1.0,"(4, 22)",4796300.0,4,22,51.02380952380952,0.6,0.6,0.3340403633472054,0.3484848484848485,0.2608695652173913,57.266666666666666,0.8,0.8,0.6648517916056137,0.32857142857142857,0.34782608695652173,0.48,0.48,-0.0011662050438368146
104,1.0,"(4, 23)",4794650.0,4,23,51.02380952380952,0.6,0.6,0.3340403633472054,0.3484848484848485,0.2608695652173913,32.1,0.6,0.6,0.482357066050804,0.3150684931506849,0.2608695652173913,0.36,0.36,-0.0015098190299673046
105,1.0,"(5, 6)",4765050.0,5,6,66.6904761904762,0.6,0.6,0.28793510492851293,0.3484848484848485,0.2608695652173913,32.96666666666667,0.6,0.6,0.33441194706388816,0.3333333333333333,0.2608695652173913,0.36,0.36,-0.00767404569024761
106,1.0,"(5, 7)",4764500.0,5,7,66.6904761904762,0.6,0.6,0.28793510492851293,0.3484848484848485,0.2608695652173913,114.54761904761905,0.8,0.8,0.6229195613097624,0.40350877192982454,0.34782608695652173,0.48,0.48,-0.00778858368562444
107,1.0,"(5, 8)",4783850.0,5,8,66.6904761904762,0.6,0.6,0.28793510492851293,0.3484848484848485,0.2608695652173913,38.394444444444446,0.6,0.6,0.5428045745433022,0.36507936507936506,0.2608695652173913,0.36,0.36,-0.0037589287573668757
108,1.0,"(5, 9)",4766800.0,5,9,66.6904761904762,0.6,0.6,0.28793510492851293,0.3484848484848485,0.2608695652173913,70.10793650793651,0.8,0.8,0.5537790933719122,0.34328358208955223,0.34782608695652173,0.48,0.48,-0.007309606614048606
109,1.0,"(5, 10)",4786400.0,5,10,66.6904761904762,0.6,0.6,0.28793510492851293,0.3484848484848485,0.2608695652173913,15.516666666666667,0.4,0.4,0.30480829227673667,0.30666666666666664,0.17391304347826086,0.24,0.24,-0.0032278889606197547
110,1.0,"(5, 11)",4795150.0,5,11,66.6904761904762,0.6,0.6,0.28793510492851293,0.3484848484848485,0.2608695652173913,49.56587301587302,0.6,0.6,0.5065220048856103,0.34328358208955223,0.2608695652173913,0.36,0.36,-0.0014056935796247319
111,1.0,"(5, 12)",4786100.0,5,12,66.6904761904762,0.6,0.6,0.28793510492851293,0.3484848484848485,0.2608695652173913,63.06269841269842,0.8,0.8,0.7923190081569512,0.3898305084745763,0.34782608695652173,0.48,0.48,-0.003290364230825298
112,1.0,"(5, 13)",4777000.0,5,13,66.6904761904762,0.6,0.6,0.28793510492851293,0.3484848484848485,0.2608695652173913,121.42857142857143,1.0,1.0,0.9999999999999999,0.42592592592592593,0.43478260869565216,0.6,0.6,-0.005185447427060122
113,1.0,"(5, 14)",4798800.0,5,14,66.6904761904762,0.6,0.6,0.28793510492851293,0.3484848484848485,0.2608695652173913,61.97301587301588,0.8,0.8,0.8246936271539083,0.3709677419354839,0.34782608695652173,0.48,0.48,-0.0006455777921239509
114,1.0,"(5, 15)",4798500.0,5,15,66.6904761904762,0.6,0.6,0.28793510492851293,0.3484848484848485,0.2608695652173913,16.17857142857143,0.6,0.6,0.695846735661641,0.359375,0.2608695652173913,0.36,0.36,-0.0007080530623294946
115,1.0,"(5, 16)",4798000.0,5,16,66.6904761904762,0.6,0.6,0.28793510492851293,0.3484848484848485,0.2608695652173913,43.852380952380955,0.6,0.6,0.5449022437754366,0.35384615384615387,0.2608695652173913,0.36,0.36,-0.0008121785126720673
116,1.0,"(5, 17)",4731600.0,5,17,66.6904761904762,0.6,0.6,0.28793510492851293,0.3484848484848485,0.2608695652173913,30.499999999999996,0.4,0.4,0.17403095555069364,0.30666666666666664,0.17391304347826086,0.24,0.24,-0.014640038318165726
117,1.0,"(5, 18)",4786450.0,5,18,66.6904761904762,0.6,0.6,0.28793510492851293,0.3484848484848485,0.2608695652173913,35.63333333333333,0.6,0.6,0.3174461067272227,0.3026315789473684,0.2608695652173913,0.36,0.36,-0.0032174764155854974
118,1.0,"(5, 19)",4795950.0,5,19,66.6904761904762,0.6,0.6,0.28793510492851293,0.3484848484848485,0.2608695652173913,21.493650793650794,0.6,0.6,0.44787476956580785,0.3150684931506849,0.2608695652173913,0.36,0.36,-0.0012390928590766154
119,1.0,"(5, 20)",4800550.0,5,20,66.6904761904762,0.6,0.6,0.28793510492851293,0.3484848484848485,0.2608695652173913,17.236507936507934,0.6,0.6,0.6282419697940432,0.3333333333333333,0.2608695652173913,0.36,0.36,-0.0002811387159249464
120,1.0,"(5, 21)",4800000.0,5,21,66.6904761904762,0.6,0.6,0.28793510492851293,0.3484848484848485,0.2608695652173913,36.37539682539683,0.8,0.8,0.6956214360322597,0.32857142857142857,0.34782608695652173,0.48,0.48,-0.0003956767113017764
121,1.0,"(5, 22)",4798450.0,5,22,66.6904761904762,0.6,0.6,0.28793510492851293,0.3484848484848485,0.2608695652173913,57.266666666666666,0.8,0.8,0.6648517916056137,0.32857142857142857,0.34782608695652173,0.48,0.48,-0.0007184656073637518
122,1.0,"(5, 23)",4791950.0,5,23,66.6904761904762,0.6,0.6,0.28793510492851293,0.3484848484848485,0.2608695652173913,32.1,0.6,0.6,0.482357066050804,0.3150684931506849,0.2608695652173913,0.36,0.36,-0.002072096461817197
123,1.0,"(6, 7)",4785400.0,6,7,32.96666666666667,0.6,0.6,0.33441194706388816,0.3333333333333333,0.2608695652173913,114.54761904761905,0.8,0.8,0.6229195613097624,0.40350877192982454,0.34782608695652173,0.48,0.48,-0.0034361398613049
124,1.0,"(6, 8)",4782950.0,6,8,32.96666666666667,0.6,0.6,0.33441194706388816,0.3333333333333333,0.2608695652173913,38.394444444444446,0.6,0.6,0.5428045745433022,0.36507936507936506,0.2608695652173913,0.36,0.36,-0.003946354567983507
125,1.0,"(6, 9)",4726200.0,6,9,32.96666666666667,0.6,0.6,0.33441194706388816,0.3333333333333333,0.2608695652173913,70.10793650793651,0.8,0.8,0.5537790933719122,0.34328358208955223,0.34782608695652173,0.48,0.48,-0.015764593181865513
126,1.0,"(6, 10)",4756600.0,6,10,32.96666666666667,0.6,0.6,0.33441194706388816,0.3333333333333333,0.2608695652173913,15.516666666666667,0.4,0.4,0.30480829227673667,0.30666666666666664,0.17391304347826086,0.24,0.24,-0.00943376580103709
127,1.0,"(6, 11)",4780500.0,6,11,32.96666666666667,0.6,0.6,0.33441194706388816,0.3333333333333333,0.2608695652173913,49.56587301587302,0.6,0.6,0.5065220048856103,0.34328358208955223,0.2608695652173913,0.36,0.36,-0.004456569274662113
128,1.0,"(6, 12)",4784000.0,6,12,32.96666666666667,0.6,0.6,0.33441194706388816,0.3333333333333333,0.2608695652173913,63.06269841269842,0.8,0.8,0.7923190081569512,0.3898305084745763,0.34782608695652173,0.48,0.48,-0.0037276911222641038
129,1.0,"(6, 13)",4794250.0,6,13,32.96666666666667,0.6,0.6,0.33441194706388816,0.3333333333333333,0.2608695652173913,121.42857142857143,1.0,1.0,0.9999999999999999,0.42592592592592593,0.43478260869565216,0.6,0.6,-0.0015931193902413627
130,1.0,"(6, 14)",4799100.0,6,14,32.96666666666667,0.6,0.6,0.33441194706388816,0.3333333333333333,0.2608695652173913,61.97301587301588,0.8,0.8,0.8246936271539083,0.3709677419354839,0.34782608695652173,0.48,0.48,-0.0005831025219184073
131,1.0,"(6, 15)",4786300.0,6,15,32.96666666666667,0.6,0.6,0.33441194706388816,0.3333333333333333,0.2608695652173913,16.17857142857143,0.6,0.6,0.695846735661641,0.359375,0.2608695652173913,0.36,0.36,-0.0032487140506882693
132,1.0,"(6, 16)",4783450.0,6,16,32.96666666666667,0.6,0.6,0.33441194706388816,0.3333333333333333,0.2608695652173913,43.852380952380955,0.6,0.6,0.5449022437754366,0.35384615384615387,0.2608695652173913,0.36,0.36,-0.003842229117640934
133,1.0,"(6, 17)",4782400.0,6,17,32.96666666666667,0.6,0.6,0.33441194706388816,0.3333333333333333,0.2608695652173913,30.499999999999996,0.4,0.4,0.17403095555069364,0.30666666666666664,0.17391304347826086,0.24,0.24,-0.004060892563360337
134,1.0,"(6, 18)",4800500.0,6,18,32.96666666666667,0.6,0.6,0.33441194706388816,0.3333333333333333,0.2608695652173913,35.63333333333333,0.6,0.6,0.3174461067272227,0.3026315789473684,0.2608695652173913,0.36,0.36,-0.00029155126095920366
135,1.0,"(6, 19)",4799300.0,6,19,32.96666666666667,0.6,0.6,0.33441194706388816,0.3333333333333333,0.2608695652173913,21.493650793650794,0.6,0.6,0.44787476956580785,0.3150684931506849,0.2608695652173913,0.36,0.36,-0.0005414523417813783
136,1.0,"(6, 20)",4793200.0,6,20,32.96666666666667,0.6,0.6,0.33441194706388816,0.3333333333333333,0.2608695652173913,17.236507936507934,0.6,0.6,0.6282419697940432,0.3333333333333333,0.2608695652173913,0.36,0.36,-0.0018117828359607655
137,1.0,"(6, 21)",4799300.0,6,21,32.96666666666667,0.6,0.6,0.33441194706388816,0.3333333333333333,0.2608695652173913,36.37539682539683,0.8,0.8,0.6956214360322597,0.32857142857142857,0.34782608695652173,0.48,0.48,-0.0005414523417813783
138,1.0,"(6, 22)",4795300.0,6,22,32.96666666666667,0.6,0.6,0.33441194706388816,0.3333333333333333,0.2608695652173913,57.266666666666666,0.8,0.8,0.6648517916056137,0.32857142857142857,0.34782608695652173,0.48,0.48,-0.0013744559445219601
139,1.0,"(6, 23)",4800350.0,6,23,32.96666666666667,0.6,0.6,0.33441194706388816,0.3333333333333333,0.2608695652173913,32.1,0.6,0.6,0.482357066050804,0.3150684931506849,0.2608695652173913,0.36,0.36,-0.00032278889606197545
140,1.0,"(7, 8)",4775200.0,7,8,114.54761904761905,0.8,0.8,0.6229195613097624,0.40350877192982454,0.34782608695652173,38.394444444444446,0.6,0.6,0.5428045745433022,0.36507936507936506,0.2608695652173913,0.48,0.48,-0.0055602990482933835
141,1.0,"(7, 9)",4796500.0,7,9,114.54761904761905,0.8,0.8,0.6229195613097624,0.40350877192982454,0.34782608695652173,70.10793650793651,0.8,0.8,0.5537790933719122,0.34328358208955223,0.34782608695652173,0.6400000000000001,0.6400000000000001,-0.0011245548636997856
142,1.0,"(7, 10)",4781950.0,7,10,114.54761904761905,0.8,0.8,0.6229195613097624,0.40350877192982454,0.34782608695652173,15.516666666666667,0.4,0.4,0.30480829227673667,0.30666666666666664,0.17391304347826086,0.32000000000000006,0.32000000000000006,-0.004154605468668652
143,1.0,"(7, 11)",4778700.0,7,11,114.54761904761905,0.8,0.8,0.6229195613097624,0.40350877192982454,0.34782608695652173,49.56587301587302,0.6,0.6,0.5065220048856103,0.34328358208955223,0.2608695652173913,0.48,0.48,-0.004831420895895375
144,1.0,"(7, 12)",4766000.0,7,12,114.54761904761905,0.8,0.8,0.6229195613097624,0.40350877192982454,0.34782608695652173,63.06269841269842,0.8,0.8,0.7923190081569512,0.3898305084745763,0.34782608695652173,0.6400000000000001,0.6400000000000001,-0.007476207334596722
145,1.0,"(7, 13)",4739700.0,7,13,114.54761904761905,0.8,0.8,0.6229195613097624,0.40350877192982454,0.34782608695652173,121.42857142857143,1.0,1.0,0.9999999999999999,0.42592592592592593,0.43478260869565216,0.8,0.8,-0.012953206022616048
146,1.0,"(7, 14)",4790700.0,7,14,114.54761904761905,0.8,0.8,0.6229195613097624,0.40350877192982454,0.34782608695652173,61.97301587301588,0.8,0.8,0.8246936271539083,0.3709677419354839,0.34782608695652173,0.6400000000000001,0.6400000000000001,-0.0023324100876736292
147,1.0,"(7, 15)",4793850.0,7,15,114.54761904761905,0.8,0.8,0.6229195613097624,0.40350877192982454,0.34782608695652173,16.17857142857143,0.6,0.6,0.695846735661641,0.359375,0.2608695652173913,0.48,0.48,-0.001676419750515421
148,1.0,"(7, 16)",4748100.0,7,16,114.54761904761905,0.8,0.8,0.6229195613097624,0.40350877192982454,0.34782608695652173,43.852380952380955,0.6,0.6,0.5449022437754366,0.35384615384615387,0.2608695652173913,0.48,0.48,-0.011203898456860826
149,1.0,"(7, 17)",4777850.0,7,17,114.54761904761905,0.8,0.8,0.6229195613097624,0.40350877192982454,0.34782608695652173,30.499999999999996,0.4,0.4,0.17403095555069364,0.30666666666666664,0.17391304347826086,0.32000000000000006,0.32000000000000006,-0.005008434161477749
150,1.0,"(7, 18)",4799100.0,7,18,114.54761904761905,0.8,0.8,0.6229195613097624,0.40350877192982454,0.34782608695652173,35.63333333333333,0.6,0.6,0.3174461067272227,0.3026315789473684,0.2608695652173913,0.48,0.48,-0.0005831025219184073
151,1.0,"(7, 19)",4795000.0,7,19,114.54761904761905,0.8,0.8,0.6229195613097624,0.40350877192982454,0.34782608695652173,21.493650793650794,0.6,0.6,0.44787476956580785,0.3150684931506849,0.2608695652173913,0.48,0.48,-0.0014369312147275036
152,1.0,"(7, 20)",4792550.0,7,20,114.54761904761905,0.8,0.8,0.6229195613097624,0.40350877192982454,0.34782608695652173,17.236507936507934,0.6,0.6,0.6282419697940432,0.3333333333333333,0.2608695652173913,0.48,0.48,-0.00194714592140611
153,1.0,"(7, 21)",4798600.0,7,21,114.54761904761905,0.8,0.8,0.6229195613097624,0.40350877192982454,0.34782608695652173,36.37539682539683,0.8,0.8,0.6956214360322597,0.32857142857142857,0.34782608695652173,0.6400000000000001,0.6400000000000001,-0.0006872279722609801
154,1.0,"(7, 22)",4795900.0,7,22,114.54761904761905,0.8,0.8,0.6229195613097624,0.40350877192982454,0.34782608695652173,57.266666666666666,0.8,0.8,0.6648517916056137,0.32857142857142857,0.34782608695652173,0.6400000000000001,0.6400000000000001,-0.0012495054041108727
155,1.0,"(7, 23)",4800000.0,7,23,114.54761904761905,0.8,0.8,0.6229195613097624,0.40350877192982454,0.34782608695652173,32.1,0.6,0.6,0.482357066050804,0.3150684931506849,0.2608695652173913,0.48,0.48,-0.0003956767113017764
156,1.0,"(8, 9)",4797900.0,8,9,38.394444444444446,0.6,0.6,0.5428045745433022,0.36507936507936506,0.2608695652173913,70.10793650793651,0.8,0.8,0.5537790933719122,0.34328358208955223,0.34782608695652173,0.48,0.48,-0.0008330036027405819
157,1.0,"(8, 10)",4786700.0,8,10,38.394444444444446,0.6,0.6,0.5428045745433022,0.36507936507936506,0.2608695652173913,15.516666666666667,0.4,0.4,0.30480829227673667,0.30666666666666664,0.17391304347826086,0.24,0.24,-0.003165413690414211
158,1.0,"(8, 11)",4781600.0,8,11,38.394444444444446,0.6,0.6,0.5428045745433022,0.36507936507936506,0.2608695652173913,49.56587301587302,0.6,0.6,0.5065220048856103,0.34328358208955223,0.2608695652173913,0.36,0.36,-0.004227493283908453
159,1.0,"(8, 12)",4767250.0,8,12,38.394444444444446,0.6,0.6,0.5428045745433022,0.36507936507936506,0.2608695652173913,63.06269841269842,0.8,0.8,0.7923190081569512,0.3898305084745763,0.34782608695652173,0.48,0.48,-0.0072158937087402905
160,1.0,"(8, 13)",4710600.0,8,13,38.394444444444446,0.6,0.6,0.5428045745433022,0.36507936507936506,0.2608695652173913,121.42857142857143,1.0,1.0,0.9999999999999999,0.42592592592592593,0.43478260869565216,0.6,0.6,-0.019013307232553782
161,1.0,"(8, 14)",4786150.0,8,14,38.394444444444446,0.6,0.6,0.5428045745433022,0.36507936507936506,0.2608695652173913,61.97301587301588,0.8,0.8,0.8246936271539083,0.3709677419354839,0.34782608695652173,0.48,0.48,-0.003279951685791041
162,1.0,"(8, 15)",4786150.0,8,15,38.394444444444446,0.6,0.6,0.5428045745433022,0.36507936507936506,0.2608695652173913,16.17857142857143,0.6,0.6,0.695846735661641,0.359375,0.2608695652173913,0.36,0.36,-0.003279951685791041
163,1.0,"(8, 16)",4783200.0,8,16,38.394444444444446,0.6,0.6,0.5428045745433022,0.36507936507936506,0.2608695652173913,43.852380952380955,0.6,0.6,0.5449022437754366,0.35384615384615387,0.2608695652173913,0.36,0.36,-0.00389429184281222
164,1.0,"(8, 17)",4782300.0,8,17,38.394444444444446,0.6,0.6,0.5428045745433022,0.36507936507936506,0.2608695652173913,30.499999999999996,0.4,0.4,0.17403095555069364,0.30666666666666664,0.17391304347826086,0.24,0.24,-0.004081717653428851
165,1.0,"(8, 18)",4797700.0,8,18,38.394444444444446,0.6,0.6,0.5428045745433022,0.36507936507936506,0.2608695652173913,35.63333333333333,0.6,0.6,0.3174461067272227,0.3026315789473684,0.2608695652173913,0.36,0.36,-0.0008746537828776109
166,1.0,"(8, 19)",4793150.0,8,19,38.394444444444446,0.6,0.6,0.5428045745433022,0.36507936507936506,0.2608695652173913,21.493650793650794,0.6,0.6,0.44787476956580785,0.3150684931506849,0.2608695652173913,0.36,0.36,-0.0018221953809950228
167,1.0,"(8, 20)",4787050.0,8,20,38.394444444444446,0.6,0.6,0.5428045745433022,0.36507936507936506,0.2608695652173913,17.236507936507934,0.6,0.6,0.6282419697940432,0.3333333333333333,0.2608695652173913,0.36,0.36,-0.00309252587517441
168,1.0,"(8, 21)",4784050.0,8,21,38.394444444444446,0.6,0.6,0.5428045745433022,0.36507936507936506,0.2608695652173913,36.37539682539683,0.8,0.8,0.6956214360322597,0.32857142857142857,0.34782608695652173,0.48,0.48,-0.0037172785772298465
169,1.0,"(8, 22)",4796650.0,8,22,38.394444444444446,0.6,0.6,0.5428045745433022,0.36507936507936506,0.2608695652173913,57.266666666666666,0.8,0.8,0.6648517916056137,0.32857142857142857,0.34782608695652173,0.48,0.48,-0.0010933172285970136
170,1.0,"(8, 23)",4793850.0,8,23,38.394444444444446,0.6,0.6,0.5428045745433022,0.36507936507936506,0.2608695652173913,32.1,0.6,0.6,0.482357066050804,0.3150684931506849,0.2608695652173913,0.36,0.36,-0.001676419750515421
171,1.0,"(9, 10)",4703650.0,9,10,70.10793650793651,0.8,0.8,0.5537790933719122,0.34328358208955223,0.34782608695652173,15.516666666666667,0.4,0.4,0.30480829227673667,0.30666666666666664,0.17391304347826086,0.32000000000000006,0.32000000000000006,-0.020460650992315543
172,1.0,"(9, 11)",4751400.0,9,11,70.10793650793651,0.8,0.8,0.5537790933719122,0.34328358208955223,0.34782608695652173,49.56587301587302,0.6,0.6,0.5065220048856103,0.34328358208955223,0.2608695652173913,0.48,0.48,-0.010516670484599845
173,1.0,"(9, 12)",4735100.0,9,12,70.10793650793651,0.8,0.8,0.5537790933719122,0.34328358208955223,0.34782608695652173,63.06269841269842,0.8,0.8,0.7923190081569512,0.3898305084745763,0.34782608695652173,0.6400000000000001,0.6400000000000001,-0.013911160165767718
174,1.0,"(9, 13)",4792050.0,9,13,70.10793650793651,0.8,0.8,0.5537790933719122,0.34328358208955223,0.34782608695652173,121.42857142857143,1.0,1.0,0.9999999999999999,0.42592592592592593,0.43478260869565216,0.8,0.8,-0.002051271371748683
175,1.0,"(9, 14)",4781650.0,9,14,70.10793650793651,0.8,0.8,0.5537790933719122,0.34328358208955223,0.34782608695652173,61.97301587301588,0.8,0.8,0.8246936271539083,0.3709677419354839,0.34782608695652173,0.6400000000000001,0.6400000000000001,-0.004217080738874196
176,1.0,"(9, 15)",4756300.0,9,15,70.10793650793651,0.8,0.8,0.5537790933719122,0.34328358208955223,0.34782608695652173,16.17857142857143,0.6,0.6,0.695846735661641,0.359375,0.2608695652173913,0.48,0.48,-0.009496241071242632
177,1.0,"(9, 16)",4785100.0,9,16,70.10793650793651,0.8,0.8,0.5537790933719122,0.34328358208955223,0.34782608695652173,43.852380952380955,0.6,0.6,0.5449022437754366,0.35384615384615387,0.2608695652173913,0.48,0.48,-0.0034986151315104437
178,1.0,"(9, 17)",4787050.0,9,17,70.10793650793651,0.8,0.8,0.5537790933719122,0.34328358208955223,0.34782608695652173,30.499999999999996,0.4,0.4,0.17403095555069364,0.30666666666666664,0.17391304347826086,0.32000000000000006,0.32000000000000006,-0.00309252587517441
179,1.0,"(9, 18)",4798900.0,9,18,70.10793650793651,0.8,0.8,0.5537790933719122,0.34328358208955223,0.34782608695652173,35.63333333333333,0.6,0.6,0.3174461067272227,0.3026315789473684,0.2608695652173913,0.48,0.48,-0.0006247527020554364
180,1.0,"(9, 19)",4796100.0,9,19,70.10793650793651,0.8,0.8,0.5537790933719122,0.34328358208955223,0.34782608695652173,21.493650793650794,0.6,0.6,0.44787476956580785,0.3150684931506849,0.2608695652173913,0.48,0.48,-0.0012078552239738437
181,1.0,"(9, 20)",4768600.0,9,20,70.10793650793651,0.8,0.8,0.5537790933719122,0.34328358208955223,0.34782608695652173,17.236507936507934,0.6,0.6,0.6282419697940432,0.3333333333333333,0.2608695652173913,0.48,0.48,-0.006934754992815344
182,1.0,"(9, 21)",4793550.0,9,21,70.10793650793651,0.8,0.8,0.5537790933719122,0.34328358208955223,0.34782608695652173,36.37539682539683,0.8,0.8,0.6956214360322597,0.32857142857142857,0.34782608695652173,0.6400000000000001,0.6400000000000001,-0.0017388950207209647
183,1.0,"(9, 22)",4773050.0,9,22,70.10793650793651,0.8,0.8,0.5537790933719122,0.34328358208955223,0.34782608695652173,57.266666666666666,0.8,0.8,0.6648517916056137,0.32857142857142857,0.34782608695652173,0.6400000000000001,0.6400000000000001,-0.006008038484766447
184,1.0,"(9, 23)",4789300.0,9,23,70.10793650793651,0.8,0.8,0.5537790933719122,0.34328358208955223,0.34782608695652173,32.1,0.6,0.6,0.482357066050804,0.3150684931506849,0.2608695652173913,0.48,0.48,-0.002623961348632833
185,1.0,"(10, 11)",4510500.0,10,11,15.516666666666667,0.4,0.4,0.30480829227673667,0.30666666666666664,0.17391304347826086,49.56587301587302,0.6,0.6,0.5065220048856103,0.34328358208955223,0.2608695652173913,0.24,0.24,-0.06068431245965139
186,1.0,"(10, 12)",4684900.0,10,12,15.516666666666667,0.4,0.4,0.30480829227673667,0.30666666666666664,0.17391304347826086,63.06269841269842,0.8,0.8,0.7923190081569512,0.3898305084745763,0.34782608695652173,0.32000000000000006,0.32000000000000006,-0.024365355380162018
187,1.0,"(10, 13)",4769500.0,10,13,15.516666666666667,0.4,0.4,0.30480829227673667,0.30666666666666664,0.17391304347826086,121.42857142857143,1.0,1.0,0.9999999999999999,0.42592592592592593,0.43478260869565216,0.4,0.4,-0.006747329182198713
188,1.0,"(10, 14)",4740150.0,10,14,15.516666666666667,0.4,0.4,0.30480829227673667,0.30666666666666664,0.17391304347826086,61.97301587301588,0.8,0.8,0.8246936271539083,0.3709677419354839,0.34782608695652173,0.32000000000000006,0.32000000000000006,-0.012859493117307733
189,1.0,"(10, 15)",4703050.0,10,15,15.516666666666667,0.4,0.4,0.30480829227673667,0.30666666666666664,0.17391304347826086,16.17857142857143,0.6,0.6,0.695846735661641,0.359375,0.2608695652173913,0.24,0.24,-0.02058560153272663
190,1.0,"(10, 16)",4742500.0,10,16,15.516666666666667,0.4,0.4,0.30480829227673667,0.30666666666666664,0.17391304347826086,43.852380952380955,0.6,0.6,0.5449022437754366,0.35384615384615387,0.2608695652173913,0.24,0.24,-0.01237010350069764
191,1.0,"(10, 17)",4739500.0,10,17,15.516666666666667,0.4,0.4,0.30480829227673667,0.30666666666666664,0.17391304347826086,30.499999999999996,0.4,0.4,0.17403095555069364,0.30666666666666664,0.17391304347826086,0.16000000000000003,0.16000000000000003,-0.012994856202753077
192,1.0,"(10, 18)",4741900.0,10,18,15.516666666666667,0.4,0.4,0.30480829227673667,0.30666666666666664,0.17391304347826086,35.63333333333333,0.6,0.6,0.3174461067272227,0.3026315789473684,0.2608695652173913,0.24,0.24,-0.012495054041108728
193,1.0,"(10, 19)",4775500.0,10,19,15.516666666666667,0.4,0.4,0.30480829227673667,0.30666666666666664,0.17391304347826086,21.493650793650794,0.6,0.6,0.44787476956580785,0.3150684931506849,0.2608695652173913,0.24,0.24,-0.0054978237780878405
194,1.0,"(10, 20)",4721300.0,10,20,15.516666666666667,0.4,0.4,0.30480829227673667,0.30666666666666664,0.17391304347826086,17.236507936507934,0.6,0.6,0.6282419697940432,0.3333333333333333,0.2608695652173913,0.24,0.24,-0.016785022595222725
195,1.0,"(10, 21)",4772800.0,10,21,15.516666666666667,0.4,0.4,0.30480829227673667,0.30666666666666664,0.17391304347826086,36.37539682539683,0.8,0.8,0.6956214360322597,0.32857142857142857,0.34782608695652173,0.32000000000000006,0.32000000000000006,-0.006060101209937733
196,1.0,"(10, 22)",4699850.0,10,22,15.516666666666667,0.4,0.4,0.30480829227673667,0.30666666666666664,0.17391304347826086,57.266666666666666,0.8,0.8,0.6648517916056137,0.32857142857142857,0.34782608695652173,0.32000000000000006,0.32000000000000006,-0.021252004414919094
197,1.0,"(10, 23)",4726200.0,10,23,15.516666666666667,0.4,0.4,0.30480829227673667,0.30666666666666664,0.17391304347826086,32.1,0.6,0.6,0.482357066050804,0.3150684931506849,0.2608695652173913,0.24,0.24,-0.015764593181865513
198,1.0,"(11, 12)",4652650.0,11,12,49.56587301587302,0.6,0.6,0.5065220048856103,0.34328358208955223,0.2608695652173913,63.06269841269842,0.8,0.8,0.7923190081569512,0.3898305084745763,0.34782608695652173,0.48,0.48,-0.03108144692725796
199,1.0,"(11, 13)",4762400.0,11,13,49.56587301587302,0.6,0.6,0.5065220048856103,0.34328358208955223,0.2608695652173913,121.42857142857143,1.0,1.0,0.9999999999999999,0.42592592592592593,0.43478260869565216,0.6,0.6,-0.008225910577063246
200,1.0,"(11, 14)",4735400.0,11,14,49.56587301587302,0.6,0.6,0.5065220048856103,0.34328358208955223,0.2608695652173913,61.97301587301588,0.8,0.8,0.8246936271539083,0.3709677419354839,0.34782608695652173,0.48,0.48,-0.013848684895562173
201,1.0,"(11, 15)",4709950.0,11,15,49.56587301587302,0.6,0.6,0.5065220048856103,0.34328358208955223,0.2608695652173913,16.17857142857143,0.6,0.6,0.695846735661641,0.359375,0.2608695652173913,0.36,0.36,-0.019148670317999127
202,1.0,"(11, 16)",4738100.0,11,16,49.56587301587302,0.6,0.6,0.5065220048856103,0.34328358208955223,0.2608695652173913,43.852380952380955,0.6,0.6,0.5449022437754366,0.35384615384615387,0.2608695652173913,0.36,0.36,-0.01328640746371228
203,1.0,"(11, 17)",4738200.0,11,17,49.56587301587302,0.6,0.6,0.5065220048856103,0.34328358208955223,0.2608695652173913,30.499999999999996,0.4,0.4,0.17403095555069364,0.30666666666666664,0.17391304347826086,0.24,0.24,-0.013265582373643767
204,1.0,"(11, 18)",4745350.0,11,18,49.56587301587302,0.6,0.6,0.5065220048856103,0.34328358208955223,0.2608695652173913,35.63333333333333,0.6,0.6,0.3174461067272227,0.3026315789473684,0.2608695652173913,0.36,0.36,-0.011776588433744977
205,1.0,"(11, 19)",4777500.0,11,19,49.56587301587302,0.6,0.6,0.5065220048856103,0.34328358208955223,0.2608695652173913,21.493650793650794,0.6,0.6,0.44787476956580785,0.3150684931506849,0.2608695652173913,0.36,0.36,-0.0050813219767175495
206,1.0,"(11, 20)",4722000.0,11,20,49.56587301587302,0.6,0.6,0.5065220048856103,0.34328358208955223,0.2608695652173913,17.236507936507934,0.6,0.6,0.6282419697940432,0.3333333333333333,0.2608695652173913,0.36,0.36,-0.016639246964743122
207,1.0,"(11, 21)",4778600.0,11,21,49.56587301587302,0.6,0.6,0.5065220048856103,0.34328358208955223,0.2608695652173913,36.37539682539683,0.8,0.8,0.6956214360322597,0.32857142857142857,0.34782608695652173,0.48,0.48,-0.004852245985963889
208,1.0,"(11, 22)",4674400.0,11,22,49.56587301587302,0.6,0.6,0.5065220048856103,0.34328358208955223,0.2608695652173913,57.266666666666666,0.8,0.8,0.6648517916056137,0.32857142857142857,0.34782608695652173,0.48,0.48,-0.026551989837356047
209,1.0,"(11, 23)",4730450.0,11,23,49.56587301587302,0.6,0.6,0.5065220048856103,0.34328358208955223,0.2608695652173913,32.1,0.6,0.6,0.482357066050804,0.3150684931506849,0.2608695652173913,0.36,0.36,-0.014879526853953643
210,1.0,"(12, 13)",4710150.0,12,13,63.06269841269842,0.8,0.8,0.7923190081569512,0.3898305084745763,0.34782608695652173,121.42857142857143,1.0,1.0,0.9999999999999999,0.42592592592592593,0.43478260869565216,0.8,0.8,-0.019107020137862096
211,1.0,"(12, 14)",4712800.0,12,14,63.06269841269842,0.8,0.8,0.7923190081569512,0.3898305084745763,0.34782608695652173,61.97301587301588,0.8,0.8,0.8246936271539083,0.3709677419354839,0.34782608695652173,0.6400000000000001,0.6400000000000001,-0.01855515525104646
212,1.0,"(12, 15)",4615450.0,12,15,63.06269841269842,0.8,0.8,0.7923190081569512,0.3898305084745763,0.34782608695652173,16.17857142857143,0.6,0.6,0.695846735661641,0.359375,0.2608695652173913,0.48,0.48,-0.03882838043274537
213,1.0,"(12, 16)",4723750.0,12,16,63.06269841269842,0.8,0.8,0.7923190081569512,0.3898305084745763,0.34782608695652173,43.852380952380955,0.6,0.6,0.5449022437754366,0.35384615384615387,0.2608695652173913,0.48,0.48,-0.01627480788854412
214,1.0,"(12, 17)",4793200.0,12,17,63.06269841269842,0.8,0.8,0.7923190081569512,0.3898305084745763,0.34782608695652173,30.499999999999996,0.4,0.4,0.17403095555069364,0.30666666666666664,0.17391304347826086,0.32000000000000006,0.32000000000000006,-0.0018117828359607655
215,1.0,"(12, 18)",4799400.0,12,18,63.06269841269842,0.8,0.8,0.7923190081569512,0.3898305084745763,0.34782608695652173,35.63333333333333,0.6,0.6,0.3174461067272227,0.3026315789473684,0.2608695652173913,0.48,0.48,-0.0005206272517128636
216,1.0,"(12, 19)",4798600.0,12,19,63.06269841269842,0.8,0.8,0.7923190081569512,0.3898305084745763,0.34782608695652173,21.493650793650794,0.6,0.6,0.44787476956580785,0.3150684931506849,0.2608695652173913,0.48,0.48,-0.0006872279722609801
217,1.0,"(12, 20)",4673350.0,12,20,63.06269841269842,0.8,0.8,0.7923190081569512,0.3898305084745763,0.34782608695652173,17.236507936507934,0.6,0.6,0.6282419697940432,0.3333333333333333,0.2608695652173913,0.48,0.48,-0.02677065328307545
218,1.0,"(12, 21)",4790150.0,12,21,63.06269841269842,0.8,0.8,0.7923190081569512,0.3898305084745763,0.34782608695652173,36.37539682539683,0.8,0.8,0.6956214360322597,0.32857142857142857,0.34782608695652173,0.6400000000000001,0.6400000000000001,-0.0024469480830504593
219,1.0,"(12, 22)",4791400.0,12,22,63.06269841269842,0.8,0.8,0.7923190081569512,0.3898305084745763,0.34782608695652173,57.266666666666666,0.8,0.8,0.6648517916056137,0.32857142857142857,0.34782608695652173,0.6400000000000001,0.6400000000000001,-0.0021866344571940272
220,1.0,"(12, 23)",4792900.0,12,23,63.06269841269842,0.8,0.8,0.7923190081569512,0.3898305084745763,0.34782608695652173,32.1,0.6,0.6,0.482357066050804,0.3150684931506849,0.2608695652173913,0.48,0.48,-0.0018742581061663092
221,1.0,"(13, 14)",4777800.0,13,14,121.42857142857143,1.0,1.0,0.9999999999999999,0.42592592592592593,0.43478260869565216,61.97301587301588,0.8,0.8,0.8246936271539083,0.3709677419354839,0.34782608695652173,0.8,0.8,-0.005018846706512006
222,1.0,"(13, 15)",4776300.0,13,15,121.42857142857143,1.0,1.0,0.9999999999999999,0.42592592592592593,0.43478260869565216,16.17857142857143,0.6,0.6,0.695846735661641,0.359375,0.2608695652173913,0.6,0.6,-0.005331223057539724
223,1.0,"(13, 16)",4789300.0,13,16,121.42857142857143,1.0,1.0,0.9999999999999999,0.42592592592592593,0.43478260869565216,43.852380952380955,0.6,0.6,0.5449022437754366,0.35384615384615387,0.2608695652173913,0.6,0.6,-0.002623961348632833
224,1.0,"(13, 17)",4776900.0,13,17,121.42857142857143,1.0,1.0,0.9999999999999999,0.42592592592592593,0.43478260869565216,30.499999999999996,0.4,0.4,0.17403095555069364,0.30666666666666664,0.17391304347826086,0.4,0.4,-0.005206272517128636
225,1.0,"(13, 18)",4798100.0,13,18,121.42857142857143,1.0,1.0,0.9999999999999999,0.42592592592592593,0.43478260869565216,35.63333333333333,0.6,0.6,0.3174461067272227,0.3026315789473684,0.2608695652173913,0.6,0.6,-0.0007913534226035528
226,1.0,"(13, 19)",4793900.0,13,19,121.42857142857143,1.0,1.0,0.9999999999999999,0.42592592592592593,0.43478260869565216,21.493650793650794,0.6,0.6,0.44787476956580785,0.3150684931506849,0.2608695652173913,0.6,0.6,-0.0016660072054811637
227,1.0,"(13, 20)",4788400.0,13,20,121.42857142857143,1.0,1.0,0.9999999999999999,0.42592592592592593,0.43478260869565216,17.236507936507934,0.6,0.6,0.6282419697940432,0.3333333333333333,0.2608695652173913,0.6,0.6,-0.0028113871592494637
228,1.0,"(13, 21)",4783450.0,13,21,121.42857142857143,1.0,1.0,0.9999999999999999,0.42592592592592593,0.43478260869565216,36.37539682539683,0.8,0.8,0.6956214360322597,0.32857142857142857,0.34782608695652173,0.8,0.8,-0.003842229117640934
229,1.0,"(13, 22)",4789300.0,13,22,121.42857142857143,1.0,1.0,0.9999999999999999,0.42592592592592593,0.43478260869565216,57.266666666666666,0.8,0.8,0.6648517916056137,0.32857142857142857,0.34782608695652173,0.8,0.8,-0.002623961348632833
230,1.0,"(13, 23)",4790300.0,13,23,121.42857142857143,1.0,1.0,0.9999999999999999,0.42592592592592593,0.43478260869565216,32.1,0.6,0.6,0.482357066050804,0.3150684931506849,0.2608695652173913,0.6,0.6,-0.0024157104479476874
231,1.0,"(14, 15)",4674200.0,14,15,61.97301587301588,0.8,0.8,0.8246936271539083,0.3709677419354839,0.34782608695652173,16.17857142857143,0.6,0.6,0.695846735661641,0.359375,0.2608695652173913,0.48,0.48,-0.026593640017493075
232,1.0,"(14, 16)",4687500.0,14,16,61.97301587301588,0.8,0.8,0.8246936271539083,0.3709677419354839,0.34782608695652173,43.852380952380955,0.6,0.6,0.5449022437754366,0.35384615384615387,0.2608695652173913,0.48,0.48,-0.02382390303838064
233,1.0,"(14, 17)",4765000.0,14,17,61.97301587301588,0.8,0.8,0.8246936271539083,0.3709677419354839,0.34782608695652173,30.499999999999996,0.4,0.4,0.17403095555069364,0.30666666666666664,0.17391304347826086,0.32000000000000006,0.32000000000000006,-0.007684458235281868
234,1.0,"(14, 18)",4769400.0,14,18,61.97301587301588,0.8,0.8,0.8246936271539083,0.3709677419354839,0.34782608695652173,35.63333333333333,0.6,0.6,0.3174461067272227,0.3026315789473684,0.2608695652173913,0.48,0.48,-0.006768154272267227
235,1.0,"(14, 19)",4782800.0,14,19,61.97301587301588,0.8,0.8,0.8246936271539083,0.3709677419354839,0.34782608695652173,21.493650793650794,0.6,0.6,0.44787476956580785,0.3150684931506849,0.2608695652173913,0.48,0.48,-0.003977592203086278
236,1.0,"(14, 20)",4622150.0,14,20,61.97301587301588,0.8,0.8,0.8246936271539083,0.3709677419354839,0.34782608695652173,17.236507936507934,0.6,0.6,0.6282419697940432,0.3333333333333333,0.2608695652173913,0.48,0.48,-0.037433099398154895
237,1.0,"(14, 21)",4720350.0,14,21,61.97301587301588,0.8,0.8,0.8246936271539083,0.3709677419354839,0.34782608695652173,36.37539682539683,0.8,0.8,0.6956214360322597,0.32857142857142857,0.34782608695652173,0.6400000000000001,0.6400000000000001,-0.01698286095087361
238,1.0,"(14, 22)",4789500.0,14,22,61.97301587301588,0.8,0.8,0.8246936271539083,0.3709677419354839,0.34782608695652173,57.266666666666666,0.8,0.8,0.6648517916056137,0.32857142857142857,0.34782608695652173,0.6400000000000001,0.6400000000000001,-0.0025823111684958036
239,1.0,"(14, 23)",4749150.0,14,23,61.97301587301588,0.8,0.8,0.8246936271539083,0.3709677419354839,0.34782608695652173,32.1,0.6,0.6,0.482357066050804,0.3150684931506849,0.2608695652173913,0.48,0.48,-0.010985235011141424
240,1.0,"(15, 16)",4712350.0,15,16,16.17857142857143,0.6,0.6,0.695846735661641,0.359375,0.2608695652173913,43.852380952380955,0.6,0.6,0.5449022437754366,0.35384615384615387,0.2608695652173913,0.36,0.36,-0.018648868156354775
241,1.0,"(15, 17)",4780900.0,15,17,16.17857142857143,0.6,0.6,0.695846735661641,0.359375,0.2608695652173913,30.499999999999996,0.4,0.4,0.17403095555069364,0.30666666666666664,0.17391304347826086,0.24,0.24,-0.0043732689143880545
242,1.0,"(15, 18)",4781950.0,15,18,16.17857142857143,0.6,0.6,0.695846735661641,0.359375,0.2608695652173913,35.63333333333333,0.6,0.6,0.3174461067272227,0.3026315789473684,0.2608695652173913,0.36,0.36,-0.004154605468668652
243,1.0,"(15, 19)",4792000.0,15,19,16.17857142857143,0.6,0.6,0.695846735661641,0.359375,0.2608695652173913,21.493650793650794,0.6,0.6,0.44787476956580785,0.3150684931506849,0.2608695652173913,0.36,0.36,-0.0020616839167829403
244,1.0,"(15, 20)",4603500.0,15,20,16.17857142857143,0.6,0.6,0.695846735661641,0.359375,0.2608695652173913,17.236507936507934,0.6,0.6,0.6282419697940432,0.3333333333333333,0.2608695652173913,0.36,0.36,-0.04131697869593286
245,1.0,"(15, 21)",4760000.0,15,21,16.17857142857143,0.6,0.6,0.695846735661641,0.359375,0.2608695652173913,36.37539682539683,0.8,0.8,0.6956214360322597,0.32857142857142857,0.34782608695652173,0.48,0.48,-0.008725712738707595
246,1.0,"(15, 22)",4794100.0,15,22,16.17857142857143,0.6,0.6,0.695846735661641,0.359375,0.2608695652173913,57.266666666666666,0.8,0.8,0.6648517916056137,0.32857142857142857,0.34782608695652173,0.48,0.48,-0.0016243570253441347
247,1.0,"(15, 23)",4767850.0,15,23,16.17857142857143,0.6,0.6,0.695846735661641,0.359375,0.2608695652173913,32.1,0.6,0.6,0.482357066050804,0.3150684931506849,0.2608695652173913,0.36,0.36,-0.007090943168329203
248,1.0,"(16, 17)",4785100.0,16,17,43.852380952380955,0.6,0.6,0.5449022437754366,0.35384615384615387,0.2608695652173913,30.499999999999996,0.4,0.4,0.17403095555069364,0.30666666666666664,0.17391304347826086,0.24,0.24,-0.0034986151315104437
249,1.0,"(16, 18)",4789300.0,16,18,43.852380952380955,0.6,0.6,0.5449022437754366,0.35384615384615387,0.2608695652173913,35.63333333333333,0.6,0.6,0.3174461067272227,0.3026315789473684,0.2608695652173913,0.36,0.36,-0.002623961348632833
250,1.0,"(16, 19)",4774950.0,16,19,43.852380952380955,0.6,0.6,0.5449022437754366,0.35384615384615387,0.2608695652173913,21.493650793650794,0.6,0.6,0.44787476956580785,0.3150684931506849,0.2608695652173913,0.36,0.36,-0.0056123617734646705
251,1.0,"(16, 20)",4703200.0,16,20,43.852380952380955,0.6,0.6,0.5449022437754366,0.35384615384615387,0.2608695652173913,17.236507936507934,0.6,0.6,0.6282419697940432,0.3333333333333333,0.2608695652173913,0.36,0.36,-0.020554363897623856
252,1.0,"(16, 21)",4796900.0,16,21,43.852380952380955,0.6,0.6,0.5449022437754366,0.35384615384615387,0.2608695652173913,36.37539682539683,0.8,0.8,0.6956214360322597,0.32857142857142857,0.34782608695652173,0.48,0.48,-0.0010412545034257272
253,1.0,"(16, 22)",4789150.0,16,22,43.852380952380955,0.6,0.6,0.5449022437754366,0.35384615384615387,0.2608695652173913,57.266666666666666,0.8,0.8,0.6648517916056137,0.32857142857142857,0.34782608695652173,0.48,0.48,-0.002655198983735605
254,1.0,"(16, 23)",4798050.0,16,23,43.852380952380955,0.6,0.6,0.5449022437754366,0.35384615384615387,0.2608695652173913,32.1,0.6,0.6,0.482357066050804,0.3150684931506849,0.2608695652173913,0.36,0.36,-0.00080176596763781
255,1.0,"(17, 18)",4642150.0,17,18,30.499999999999996,0.4,0.4,0.17403095555069364,0.30666666666666664,0.17391304347826086,35.63333333333333,0.6,0.6,0.3174461067272227,0.3026315789473684,0.2608695652173913,0.24,0.24,-0.03326808138445199
256,1.0,"(17, 19)",4782800.0,17,19,30.499999999999996,0.4,0.4,0.17403095555069364,0.30666666666666664,0.17391304347826086,21.493650793650794,0.6,0.6,0.44787476956580785,0.3150684931506849,0.2608695652173913,0.24,0.24,-0.003977592203086278
257,1.0,"(17, 20)",4765100.0,17,20,30.499999999999996,0.4,0.4,0.17403095555069364,0.30666666666666664,0.17391304347826086,17.236507936507934,0.6,0.6,0.6282419697940432,0.3333333333333333,0.2608695652173913,0.24,0.24,-0.007663633145213353
258,1.0,"(17, 21)",4760000.0,17,21,30.499999999999996,0.4,0.4,0.17403095555069364,0.30666666666666664,0.17391304347826086,36.37539682539683,0.8,0.8,0.6956214360322597,0.32857142857142857,0.34782608695652173,0.32000000000000006,0.32000000000000006,-0.008725712738707595
259,1.0,"(17, 22)",4734650.0,17,22,30.499999999999996,0.4,0.4,0.17403095555069364,0.30666666666666664,0.17391304347826086,57.266666666666666,0.8,0.8,0.6648517916056137,0.32857142857142857,0.34782608695652173,0.32000000000000006,0.32000000000000006,-0.014004873071076033
260,1.0,"(17, 23)",4693100.0,17,23,30.499999999999996,0.4,0.4,0.17403095555069364,0.30666666666666664,0.17391304347826086,32.1,0.6,0.6,0.482357066050804,0.3150684931506849,0.2608695652173913,0.24,0.24,-0.022657697994543827
261,1.0,"(18, 19)",4787450.0,18,19,35.63333333333333,0.6,0.6,0.3174461067272227,0.3026315789473684,0.2608695652173913,21.493650793650794,0.6,0.6,0.44787476956580785,0.3150684931506849,0.2608695652173913,0.36,0.36,-0.003009225514900352
262,1.0,"(18, 20)",4769500.0,18,20,35.63333333333333,0.6,0.6,0.3174461067272227,0.3026315789473684,0.2608695652173913,17.236507936507934,0.6,0.6,0.6282419697940432,0.3333333333333333,0.2608695652173913,0.36,0.36,-0.006747329182198713
263,1.0,"(18, 21)",4765300.0,18,21,35.63333333333333,0.6,0.6,0.3174461067272227,0.3026315789473684,0.2608695652173913,36.37539682539683,0.8,0.8,0.6956214360322597,0.32857142857142857,0.34782608695652173,0.48,0.48,-0.007621982965076324
264,1.0,"(18, 22)",4748250.0,18,22,35.63333333333333,0.6,0.6,0.3174461067272227,0.3026315789473684,0.2608695652173913,57.266666666666666,0.8,0.8,0.6648517916056137,0.32857142857142857,0.34782608695652173,0.48,0.48,-0.011172660821758055
265,1.0,"(18, 23)",4687200.0,18,23,35.63333333333333,0.6,0.6,0.3174461067272227,0.3026315789473684,0.2608695652173913,32.1,0.6,0.6,0.482357066050804,0.3150684931506849,0.2608695652173913,0.36,0.36,-0.023886378308586184
266,1.0,"(19, 20)",4786350.0,19,20,21.493650793650794,0.6,0.6,0.44787476956580785,0.3150684931506849,0.2608695652173913,17.236507936507934,0.6,0.6,0.6282419697940432,0.3333333333333333,0.2608695652173913,0.36,0.36,-0.003238301505654012
267,1.0,"(19, 21)",4746900.0,19,21,21.493650793650794,0.6,0.6,0.44787476956580785,0.3150684931506849,0.2608695652173913,36.37539682539683,0.8,0.8,0.6956214360322597,0.32857142857142857,0.34782608695652173,0.48,0.48,-0.011453799537683001
268,1.0,"(19, 22)",4777200.0,19,22,21.493650793650794,0.6,0.6,0.44787476956580785,0.3150684931506849,0.2608695652173913,57.266666666666666,0.8,0.8,0.6648517916056137,0.32857142857142857,0.34782608695652173,0.48,0.48,-0.0051437972469230925
269,1.0,"(19, 23)",4798600.0,19,23,21.493650793650794,0.6,0.6,0.44787476956580785,0.3150684931506849,0.2608695652173913,32.1,0.6,0.6,0.482357066050804,0.3150684931506849,0.2608695652173913,0.36,0.36,-0.0006872279722609801
270,1.0,"(20, 21)",4744700.0,20,21,17.236507936507934,0.6,0.6,0.6282419697940432,0.3333333333333333,0.2608695652173913,36.37539682539683,0.8,0.8,0.6956214360322597,0.32857142857142857,0.34782608695652173,0.48,0.48,-0.01191195151919032
271,1.0,"(20, 22)",4777050.0,20,22,17.236507936507934,0.6,0.6,0.6282419697940432,0.3333333333333333,0.2608695652173913,57.266666666666666,0.8,0.8,0.6648517916056137,0.32857142857142857,0.34782608695652173,0.48,0.48,-0.005175034882025865
272,1.0,"(20, 23)",4753700.0,20,23,17.236507936507934,0.6,0.6,0.6282419697940432,0.3333333333333333,0.2608695652173913,32.1,0.6,0.6,0.482357066050804,0.3150684931506849,0.2608695652173913,0.36,0.36,-0.010037693413024011
273,1.0,"(21, 22)",4768900.0,21,22,36.37539682539683,0.8,0.8,0.6956214360322597,0.32857142857142857,0.34782608695652173,57.266666666666666,0.8,0.8,0.6648517916056137,0.32857142857142857,0.34782608695652173,0.6400000000000001,0.6400000000000001,-0.0068722797226098
274,1.0,"(21, 23)",4733300.0,21,23,36.37539682539683,0.8,0.8,0.6956214360322597,0.32857142857142857,0.34782608695652173,32.1,0.6,0.6,0.482357066050804,0.3150684931506849,0.2608695652173913,0.48,0.48,-0.01428601178700098
275,1.0,"(22, 23)",4706150.0,22,23,57.266666666666666,0.8,0.8,0.6648517916056137,0.32857142857142857,0.34782608695652173,32.1,0.6,0.6,0.482357066050804,0.3150684931506849,0.2608695652173913,0.48,0.48,-0.019940023740602678
